<?xml version="1.0" encoding="UTF-8"?>
<kml xmlns="http://www.opengis.net/kml/2.2" xmlns:gx="http://www.google.com/kml/ext/2.2" xmlns:kml="http://www.opengis.net/kml/2.2" xmlns:atom="http://www.w3.org/2005/Atom">
<Document>
	<name>Zonas DVMN.kml</name>
    <Style id="basilica">
        <LineStyle>
            <color>ffffcc00</color>
            <width>2</width>
        </LineStyle>
        <PolyStyle>
            <color>26ffcc00</color>
        </PolyStyle>
    </Style>
    <Style id="cuautitlan">
        <LineStyle>
            <color>ffff7a00</color>
            <width>2</width>
        </LineStyle>
        <PolyStyle>
            <color>26ff7a00</color>
        </PolyStyle>
    </Style>
    <Style id="atizapan">
        <LineStyle>
            <color>ff552dff</color>
            <width>2</width>
        </LineStyle>
        <PolyStyle>
            <color>26552dff</color>
        </PolyStyle>
    </Style>
    <Style id="naucalpan">
        <LineStyle>
            <color>ffd65658</color>
            <width>2</width>
        </LineStyle>
        <PolyStyle>
            <color>26d65658</color>
        </PolyStyle>
    </Style>
    <Style id="ecatepec">
        <LineStyle>
            <color>ff0095ff</color>
            <width>2</width>
        </LineStyle>
        <PolyStyle>
            <color>260095ff</color>
        </PolyStyle>
    </Style>
	<Style id="azteca">
		<LineStyle>
			<color>ff303bff</color>
			<width>2</width>
		</LineStyle>
		<PolyStyle>
			<color>26303bff</color>
		</PolyStyle>
	</Style>
    <Style id="tlalnepantla">
        <LineStyle>
            <color>ff64d94c</color>
            <width>2</width>
        </LineStyle>
        <PolyStyle>
            <color>2664d94c</color>
        </PolyStyle>
    </Style>
	<Folder>
		<name>Zonas DVMN</name>
		<Folder>
			<name>ZONA NAUCALPAN</name>
			<Placemark>
				<name>CD CAREAGA</name>
				<styleUrl>#naucalpan</styleUrl>
				<Polygon>
					<tessellate>1</tessellate>
					<outerBoundaryIs>
						<LinearRing>
							<coordinates>
								-99.19263000355171,19.5161157473068,0 -99.19370763516734,19.52191200120083,0 -99.19990339531918,19.52349023961666,0 -99.20110966147261,19.52362019362727,0 -99.20211487905878,19.52396074962775,0 -99.2021217182016,19.52455368757763,0 -99.20097028608853,19.52543321202724,0 -99.20049717203381,19.52556540404617,0 -99.2006674396863,19.52597167831019,0 -99.20472277063229,19.52274890641188,0 -99.20648900936632,19.52322670390334,0 -99.20755582754632,19.52361790784673,0 -99.20950375390237,19.52426931167063,0 -99.2146639342907,19.51658608253188,0 -99.21512690443338,19.51700694297747,0 -99.21725860398993,19.51864823024286,0 -99.21899765734298,19.51866038681789,0 -99.22256241807227,19.51874827434968,0 -99.22391720236905,19.52039114218712,0 -99.22554153013988,19.52038693241979,0 -99.22842276290268,19.52201366521393,0 -99.22970729931313,19.52028138840343,0 -99.23070256735335,19.51897621383986,0 -99.23300076286426,19.51586856789559,0 -99.23420628461649,19.51424203080313,0 -99.23581150272753,19.51161852077194,0 -99.23565942149354,19.51118303986423,0 -99.23399600701192,19.51060000894522,0 -99.2323093358352,19.51057871144655,0 -99.23042730697506,19.51317187679251,0 -99.22970550278197,19.51333020239703,0 -99.2296574710317,19.51303623492414,0 -99.23013799374195,19.51279564448456,0 -99.23197979725244,19.51020727324047,0 -99.23175284253492,19.51004353230516,0 -99.23260186079915,19.50729738969915,0 -99.23304195022817,19.50589275471481,0 -99.23193515056529,19.50512633402895,0 -99.23080644426066,19.50435916382128,0 -99.22891024158295,19.5061702853973,0 -99.22846698270976,19.5066165503489,0 -99.22742134307677,19.50584294581924,0 -99.22610793535361,19.50515718435496,0 -99.22383699101323,19.50361483679022,0 -99.22271660620555,19.50295683365714,0 -99.2223742790934,19.50265712322142,0 -99.22245440872517,19.50226311001073,0 -99.22282442640203,19.50172808419215,0 -99.22382792674833,19.5007445424353,0 -99.22545192798876,19.49903532128763,0 -99.22611217190837,19.4978538186567,0 -99.22718139474973,19.49326825022894,0 -99.22758934213357,19.49086323702494,0 -99.22770415258304,19.49047746471874,0 -99.22248281319882,19.48884453579843,0 -99.22188198544831,19.49019600692152,0 -99.22060336021042,19.48981779758928,0 -99.22031552151856,19.48985345328306,0 -99.21923084122362,19.48707004512416,0 -99.21743720190851,19.4874456756061,0 -99.21700907213619,19.48748219939404,0 -99.21359025495956,19.48652539297889,0 -99.20869312093603,19.48524520630724,0 -99.20821913109752,19.48735419225425,0 -99.20251007374154,19.48579321456971,0 -99.20156496431582,19.48843110708574,0 -99.20100648734341,19.48866173214528,0 -99.2006534597902,19.48840217431135,0 -99.19767046379584,19.48614157934657,0 -99.19634552716965,19.48512079375148,0 -99.18865445797945,19.48129185369398,0 -99.18843718262808,19.48243790577847,0 -99.18851834400225,19.48360982355806,0 -99.18918727066371,19.48489786789,0 -99.18969022078056,19.48550660839873,0 -99.18937584233502,19.49032734217117,0 -99.18941269811431,19.49158315246235,0 -99.18994910342306,19.49425498642872,0 -99.1904196662752,19.4983830148908,0 -99.19263000355171,19.5161157473068,0 
							</coordinates>
						</LinearRing>
					</outerBoundaryIs>
				</Polygon>
			</Placemark>
			<Placemark>
				<name>CD NAUCALPAN</name>
				<styleUrl>#naucalpan</styleUrl>
				<Polygon>
					<tessellate>1</tessellate>
					<outerBoundaryIs>
						<LinearRing>
							<coordinates>
								-99.22341026418718,19.46603471219908,0 -99.21456185271862,19.46686134151852,0 -99.2067592213175,19.47137005823387,0 -99.20539055648185,19.47217642578469,0 -99.20082491221496,19.47303780576462,0 -99.18952093893733,19.47002296173738,0 -99.18858429788919,19.48129648505997,0 -99.1897491870814,19.48185089062327,0 -99.19633607217442,19.48511887259799,0 -99.20099830246943,19.48866790498716,0 -99.20157383592138,19.48842467257158,0 -99.20253362646828,19.48579790268738,0 -99.20579093837657,19.48668502231155,0 -99.20821176398867,19.48734231601091,0 -99.20872348700624,19.48524582106862,0 -99.2139598010334,19.48664427084817,0 -99.21713184673864,19.48755332645543,0 -99.2192442561588,19.48708402543062,0 -99.22027737571848,19.48985524473404,0 -99.22192327767416,19.49019403848081,0 -99.22244024528045,19.48876132484032,0 -99.22784445969634,19.49051290995607,0 -99.22784458627098,19.49039745637836,0 -99.23096123685886,19.48077885790891,0 -99.23107316492546,19.47778536131681,0 -99.22879150024069,19.47282007874084,0 -99.23403287321381,19.47385879271173,0 -99.23594323236908,19.47255512185966,0 -99.23691324855379,19.47014092926014,0 -99.23609043007596,19.46941467491153,0 -99.23616914646131,19.46864204027389,0 -99.2375577181836,19.46725241657818,0 -99.2381785091271,19.46673910653691,0 -99.23668552020743,19.46622234607066,0 -99.23327427550561,19.46562894660949,0 -99.2328265663804,19.4649663241882,0 -99.23299266142111,19.46496478507055,0 -99.23401424402402,19.46371749577389,0 -99.2321170053484,19.46312773360558,0 -99.23231115158111,19.46252620113998,0 -99.23424904465804,19.46287037278971,0 -99.23480668641655,19.4632527488067,0 -99.23609039778788,19.46297256505416,0 -99.23625888401726,19.462095609859,0 -99.23632279332909,19.46183441508966,0 -99.23689387156111,19.46183573087224,0 -99.23720372780522,19.46223881303828,0 -99.23746183914329,19.4622781940698,0 -99.23775138407846,19.46247727551919,0 -99.23798072472485,19.46176526911084,0 -99.23811101078883,19.46139534215784,0 -99.23813480270321,19.4612596437715,0 -99.23816026941228,19.4604109229881,0 -99.23819714829069,19.45970044920819,0 -99.23865773317829,19.45954152210876,0 -99.23910186537853,19.45938705929127,0 -99.24024531266832,19.45877232328868,0 -99.24077900403925,19.45832366545994,0 -99.24138253125223,19.45829650988391,0 -99.24222014867986,19.45841083826382,0 -99.24228942805492,19.45887403985494,0 -99.24235538200162,19.45938317166502,0 -99.24259999399001,19.45906339724395,0 -99.24283797886964,19.45877565550973,0 -99.24398053412258,19.45796313208337,0 -99.24416817767631,19.45963548889888,0 -99.24420292536527,19.45961831695681,0 -99.24468407129072,19.45919342374087,0 -99.24690058210892,19.45849831391938,0 -99.24745317264534,19.45828726633245,0 -99.24780602193844,19.45831650718031,0 -99.24871768641046,19.45840302870891,0 -99.24944598578068,19.45849626141526,0 -99.25033948198329,19.45872325694927,0 -99.25040782182232,19.45747479466483,0 -99.24884212671056,19.45599421330609,0 -99.24845893388665,19.45592540277328,0 -99.24852005731618,19.45317185559177,0 -99.24915954089222,19.45199857891138,0 -99.25026200513871,19.45177406304717,0 -99.25400871178253,19.45106211258309,0 -99.25553175320752,19.45089594288546,0 -99.25598857822838,19.45079701894258,0 -99.25661958992059,19.4507479336585,0 -99.256890838687,19.45061644251397,0 -99.2566511972619,19.44982794065875,0 -99.25573030405442,19.4499261186445,0 -99.25562860669736,19.44921651741538,0 -99.25420816545444,19.44921644201287,0 -99.25403982137513,19.448658857578,0 -99.25490733765081,19.44844596928091,0 -99.25365145014958,19.44842738877661,0 -99.25356540730782,19.44842720336581,0 -99.25159040433428,19.44852282095596,0 -99.24762167795782,19.44941098757121,0 -99.24765711766099,19.44927855231489,0 -99.248660379713,19.44868568850635,0 -99.24828959118808,19.44730299796072,0 -99.253608785186,19.44607186321861,0 -99.25568070591481,19.44565641922,0 -99.25732998633379,19.44521874721884,0 -99.25738761338167,19.44457904287379,0 -99.25827069162075,19.44444229591433,0 -99.25861439076755,19.44469776433569,0 -99.2592057453072,19.44461504295834,0 -99.25986495873403,19.44462556042653,0 -99.2605639589914,19.44438354391384,0 -99.26063589890744,19.44423357708076,0 -99.26092534739969,19.44407025962222,0 -99.26063435588907,19.44363387162973,0 -99.26011597636676,19.44366147220723,0 -99.25978919070289,19.44369027027063,0 -99.25966021249674,19.44377257706848,0 -99.25885797841268,19.44352967345406,0 -99.25814792464257,19.44329739239737,0 -99.25803206501331,19.44310519857141,0 -99.25798713945792,19.44288522265073,0 -99.25778242071118,19.44278914884925,0 -99.2574319832013,19.44194281534831,0 -99.2561721178006,19.44182639943925,0 -99.25613711446803,19.44182628729073,0 -99.25575077786218,19.44231973396014,0 -99.25574845690453,19.44271171293675,0 -99.25547296521913,19.44281751350516,0 -99.25505109690214,19.44218882392994,0 -99.25452966232625,19.44234501758565,0 -99.2542701976484,19.44189710320416,0 -99.25342852353589,19.44271418047237,0 -99.25258400371285,19.44285099631114,0 -99.25237734790311,19.44291713771927,0 -99.25214815565593,19.44279478214743,0 -99.25335168555058,19.44198832069923,0 -99.25409990083722,19.44146662291561,0 -99.25456083444128,19.44010705817527,0 -99.25530351617704,19.43981509389452,0 -99.25547272053342,19.43960329527389,0 -99.25579783926341,19.43929666528176,0 -99.25677181877084,19.43853360019453,0 -99.25690256273916,19.43852013183366,0 -99.25804084332889,19.43833008579006,0 -99.25878624798152,19.43753479632288,0 -99.25928495324042,19.43660946970262,0 -99.25990940090399,19.43581413484328,0 -99.26018183851573,19.43550832218623,0 -99.26069566723324,19.43481392242607,0 -99.26107037043674,19.43461274253761,0 -99.26120785406694,19.43423470296443,0 -99.26117694613616,19.4340250551715,0 -99.26169850592066,19.43360296093645,0 -99.26172666148106,19.43344846445353,0 -99.26104474966971,19.4316088082059,0 -99.26061228210045,19.430516824071,0 -99.25980600444785,19.4282536043836,0 -99.25775962251713,19.42735112446275,0 -99.25616471458889,19.42704751584186,0 -99.25652861975915,19.42763514019357,0 -99.25599336182688,19.4282776317391,0 -99.25611398944351,19.42915296905624,0 -99.25506243565137,19.43143232200381,0 -99.25456689084072,19.43247070385537,0 -99.2519457159716,19.43365328312136,0 -99.25083723192364,19.43273958126624,0 -99.24999452965373,19.43257568666397,0 -99.24971621440808,19.43154685414098,0 -99.24999185951566,19.43059550245404,0 -99.24826070830159,19.43075579904452,0 -99.24603247760044,19.42957243834652,0 -99.24503926671147,19.42905852807656,0 -99.24348386398188,19.4291549121992,0 -99.24189661407344,19.43055888574365,0 -99.23938250797735,19.43056415363878,0 -99.23826106846199,19.43134538816627,0 -99.23330618306666,19.43482381239965,0 -99.22769390134991,19.43872882966694,0 -99.22660748787392,19.43950413637062,0 -99.22016692441197,19.44400495984813,0 -99.21946103324086,19.44401528919818,0 -99.21943824708119,19.44454408209001,0 -99.21964814835331,19.44487460221133,0 -99.2202270859112,19.44530782533951,0 -99.22038018161338,19.44874711215525,0 -99.22023490282803,19.45348216184878,0 -99.22006324334271,19.45738442369132,0 -99.22394267115763,19.46434607840672,0 -99.22424020788614,19.46477565564911,0 -99.22341026418718,19.46603471219908,0 
							</coordinates>
						</LinearRing>
					</outerBoundaryIs>
				</Polygon>
			</Placemark>
			<Placemark>
				<name>60</name>
				<styleUrl>#naucalpan</styleUrl>
				<Polygon>
					<tessellate>1</tessellate>
					<outerBoundaryIs>
						<LinearRing>
							<coordinates>
								-99.27295280388144,19.45584195463466,0 -99.27437784369505,19.45630363528599,0 -99.27484814011312,19.45540262254315,0 -99.27522545816842,19.45566231171521,0 -99.27564428845919,19.45594553349266,0 -99.27617970047319,19.45595157320792,0 -99.2774031465101,19.45733720840774,0 -99.27849396406403,19.45692347349706,0 -99.27825036779173,19.45955137630616,0 -99.28042848094333,19.46047078955049,0 -99.28459779562164,19.45884457981039,0 -99.28331167333552,19.45519889005346,0 -99.28422887644291,19.45461917022298,0 -99.28332244779632,19.45356781125477,0 -99.28299852758535,19.45233796873248,0 -99.28807404060503,19.45326898762366,0 -99.28912055011445,19.45400612738456,0 -99.29207228246328,19.45535800009343,0 -99.2935396400941,19.45596139520926,0 -99.29348873492526,19.45573935345602,0 -99.29402053510346,19.45591595868915,0 -99.29437070242741,19.45630208779153,0 -99.29469091714897,19.45627026670767,0 -99.29480659542699,19.45646366298221,0 -99.29515482097644,19.45672853047584,0 -99.29543138914947,19.45665631073046,0 -99.29610529331582,19.45697582356113,0 -99.29648698234416,19.45715055479633,0 -99.29746464769524,19.45728299887718,0 -99.29800460290667,19.45702444582577,0 -99.29859234668099,19.45685050390732,0 -99.29958724157805,19.45668158629078,0 -99.30028645652378,19.45658958104587,0 -99.30086961649864,19.45672770033962,0 -99.30134437900649,19.4567917989241,0 -99.30189492504087,19.45643558432007,0 -99.30203987689009,19.45677946752944,0 -99.30330418345353,19.45679122408619,0 -99.30376968450837,19.4565321678605,0 -99.30402538132748,19.45649132263918,0 -99.30413072818904,19.45648372280293,0 -99.30670482810292,19.45647085010133,0 -99.31080807974669,19.45779095687033,0 -99.3139242663291,19.45894958750072,0 -99.31893021223975,19.46461141610322,0 -99.32356809002449,19.46777207292163,0 -99.32221157039574,19.4713660999309,0 -99.32961549678285,19.46790317482635,0 -99.33399033358234,19.46413352671257,0 -99.33899460771725,19.46065490225652,0 -99.34391424447816,19.46181041269512,0 -99.36000039494765,19.45857595018267,0 -99.36634054450103,19.45706466184176,0 -99.37615113154168,19.44708655303465,0 -99.38914574602052,19.44302188910447,0 -99.39754172319739,19.44516622128556,0 -99.40651486396892,19.45285119572948,0 -99.41237463191122,19.44581160739353,0 -99.41354224045988,19.43717263197268,0 -99.39366526632973,19.43711658720175,0 -99.38778045615095,19.42769050761249,0 -99.37516419216837,19.42676958476559,0 -99.37577034924742,19.42488280527575,0 -99.37127967515818,19.41894318722356,0 -99.36875954583765,19.4164049116572,0 -99.35832072716669,19.41327806076781,0 -99.35309733892224,19.41361676749571,0 -99.34783123541455,19.41761902355945,0 -99.33909889014744,19.41844867676691,0 -99.33816623602533,19.42164448823825,0 -99.33596282439116,19.42534086331128,0 -99.33120828731617,19.42821016627343,0 -99.31446681428312,19.42575260253136,0 -99.30610133147826,19.42479891255398,0 -99.30284588938002,19.42479254120975,0 -99.29793308180491,19.41462168420308,0 -99.2971416505716,19.41357237652641,0 -99.29787034661395,19.4129888386267,0 -99.29533377196493,19.40804294472312,0 -99.2945015729352,19.40815960509145,0 -99.2940586377966,19.40842964643749,0 -99.29359520231044,19.40839140440679,0 -99.29332378147345,19.40811510097797,0 -99.29276844994396,19.40810999009935,0 -99.29210928996577,19.40834502084645,0 -99.29210100360828,19.40905616382038,0 -99.29181819217366,19.40909790356927,0 -99.29168165486061,19.40912574448675,0 -99.29133812792008,19.4093679653306,0 -99.29052418605998,19.40972402580884,0 -99.28999710235409,19.40988906565522,0 -99.28822910393448,19.41124656661678,0 -99.28720365720285,19.41196345652917,0 -99.28566578972094,19.41243416796715,0 -99.28541687403505,19.41220714194098,0 -99.28515853359987,19.41232783251697,0 -99.28477989253209,19.41236641544531,0 -99.28455504564478,19.41263142061343,0 -99.28479037415619,19.41279992912465,0 -99.2844658744353,19.41294116096584,0 -99.28362150874875,19.41332034861125,0 -99.28305812058005,19.41393423059563,0 -99.2828305731216,19.4148608604107,0 -99.28148416204368,19.41536984827369,0 -99.28081097294412,19.41543700133757,0 -99.28067806837197,19.41520139300569,0 -99.28016168006968,19.41505644286843,0 -99.27998328885536,19.41468456922263,0 -99.27962881738054,19.4145207354786,0 -99.27901257164682,19.41466803019495,0 -99.27840034218303,19.41472473110333,0 -99.27794676585648,19.41476534222816,0 -99.27718436848784,19.41533085808664,0 -99.27722673210108,19.41588368052279,0 -99.27687840427201,19.41641188115852,0 -99.27561932935231,19.41677590536826,0 -99.27458559139666,19.41762637528213,0 -99.27416254374535,19.41796249638766,0 -99.27440792505546,19.41823564250234,0 -99.2745376658296,19.41930748402101,0 -99.2739342815488,19.42019992854652,0 -99.27398459393254,19.42114469483341,0 -99.27329977094365,19.42169634732679,0 -99.27153857219552,19.42195718652598,0 -99.27158804448169,19.42241453545994,0 -99.27026869666506,19.42319415260393,0 -99.26967470460519,19.42375672809688,0 -99.26937037906183,19.42360757065294,0 -99.26861385813496,19.42337431895326,0 -99.26809497741294,19.42395511560021,0 -99.26819066027696,19.4243706032362,0 -99.2692391544487,19.42463047865282,0 -99.26970937905141,19.42556575038538,0 -99.26999831444338,19.42620654468844,0 -99.27074271893594,19.427904351184,0 -99.26948222879926,19.42817390078559,0 -99.2691048797472,19.42825516261262,0 -99.26787751277107,19.42905206673754,0 -99.26694119020711,19.42990134582083,0 -99.26416357810371,19.43260217442835,0 -99.26262672727256,19.43336884131634,0 -99.26594487107944,19.44001884649665,0 -99.26685045372584,19.44143252315526,0 -99.26732071515299,19.44215507050428,0 -99.26776894748262,19.4434926940931,0 -99.26354243765573,19.44340404922255,0 -99.2579753821702,19.4428194902608,0 -99.25806233375529,19.44297361140191,0 -99.25801180253347,19.44313967083658,0 -99.25885302141161,19.44354055394099,0 -99.25957539897297,19.44376073907677,0 -99.25979857007076,19.44366554039758,0 -99.26061493008045,19.44358073813183,0 -99.26087828511493,19.44407428282064,0 -99.26059184454459,19.44423830966899,0 -99.26054227397698,19.44436748531138,0 -99.25991739440639,19.4446100638486,0 -99.25926118842402,19.44456756059118,0 -99.25857670563944,19.44473165552781,0 -99.25850203095652,19.44447827448579,0 -99.2581152272386,19.44445463302144,0 -99.25738007820502,19.44460587903216,0 -99.25743642447792,19.44524904121687,0 -99.24829730161996,19.44727928711978,0 -99.24846996413449,19.44799243632808,0 -99.24861776163048,19.44872063659803,0 -99.24768844127497,19.44924490109733,0 -99.24815074759299,19.44937584324874,0 -99.25120447948034,19.44866867983477,0 -99.25322759566926,19.4484464792709,0 -99.25346315252958,19.44844700161205,0 -99.25469195312431,19.44844956156618,0 -99.25503918487992,19.4483629105721,0 -99.25410821946062,19.44860518633253,0 -99.25419533335379,19.44925998676542,0 -99.25559487953214,19.44917278291723,0 -99.25576900001423,19.44987651455485,0 -99.25662995735985,19.44984084475595,0 -99.25685871837265,19.45060082343482,0 -99.25684360203734,19.4507913729622,0 -99.25633585708489,19.45065437960818,0 -99.25579693227218,19.4508996375344,0 -99.25287404227754,19.45128440527018,0 -99.24914916116998,19.45202226059219,0 -99.2485325155381,19.45291067543927,0 -99.24833807310843,19.45544310597988,0 -99.2484432573785,19.45599843620028,0 -99.24887964556967,19.4559547873834,0 -99.25039052355336,19.45750279258897,0 -99.2503455227895,19.45868547475277,0 -99.25170620056825,19.45871317293529,0 -99.25300634896801,19.45937882142487,0 -99.25299311477653,19.45991636984549,0 -99.25334595651876,19.45987232838451,0 -99.25652795635226,19.45922911465717,0 -99.2578828438715,19.4588930112274,0 -99.25905816518909,19.45776770597575,0 -99.25995462229832,19.45753650639434,0 -99.26426041760955,19.45639193717629,0 -99.26488209736605,19.45601410080877,0 -99.26588953194293,19.45565721590758,0 -99.26791768047323,19.45464789581076,0 -99.26967000408946,19.45357204915504,0 -99.27012931556527,19.45317597813694,0 -99.27115645936662,19.4526873404773,0 -99.27172721610202,19.4523966394165,0 -99.27112197733861,19.45419884013954,0 -99.27058916774232,19.45551373854054,0 -99.2704322262223,19.45591498274197,0 -99.27041403398086,19.45601763054615,0 -99.27086692949857,19.45591957342269,0 -99.27161369569018,19.45550268640603,0 -99.27198713813847,19.45517143613311,0 -99.27204690834026,19.45530311030365,0 -99.27218459652232,19.45526547214174,0 -99.2722609529181,19.45526139535541,0 -99.27232815838937,19.45548233823266,0 -99.27233981995522,19.45548762688057,0 -99.27244215182181,19.45556101811516,0 -99.27251046931123,19.45577893232611,0 -99.27274536905871,19.45582862562297,0 -99.27295280388144,19.45584195463466,0 
							</coordinates>
						</LinearRing>
					</outerBoundaryIs>
				</Polygon>
			</Placemark>
			<Placemark>
				<name>CD SAN JUAN TOTOLTEPEC</name>
				<styleUrl>#naucalpan</styleUrl>
				<Polygon>
					<tessellate>1</tessellate>
					<outerBoundaryIs>
						<LinearRing>
							<coordinates>
								-99.23833301385021,19.48432845985332,0 -99.23893349324317,19.48414198573879,0 -99.2387424861212,19.48380389809522,0 -99.23861479127649,19.48373722649804,0 -99.23836053119965,19.48365228388448,0 -99.23946058807194,19.48323840303384,0 -99.23964985363067,19.48310736204916,0 -99.23984256068691,19.48280680752691,0 -99.23984096791288,19.4826239199842,0 -99.24156216825945,19.4842387088949,0 -99.24227415664926,19.48487531952009,0 -99.24395302490373,19.48679651583666,0 -99.24395333514289,19.48685375325583,0 -99.24425589034676,19.48756792407679,0 -99.24472616153754,19.48766816151654,0 -99.24737864044825,19.4867356999226,0 -99.24902310730413,19.48714820883106,0 -99.25090963424104,19.48737303122378,0 -99.25174411774508,19.48740304355279,0 -99.25641635993378,19.48785380215381,0 -99.25725316377506,19.48785280111703,0 -99.25868358171267,19.48627649685709,0 -99.26169737822754,19.48644818588992,0 -99.26273730818407,19.48511303123727,0 -99.26367850081515,19.48569204609031,0 -99.26461739560141,19.48603704623068,0 -99.26535276473035,19.48643293797034,0 -99.26566497269312,19.48659380005217,0 -99.26621880311242,19.48664871367942,0 -99.26694407955499,19.48603472930421,0 -99.26753795982098,19.48571061741772,0 -99.26789023780455,19.48540189719296,0 -99.26840890300085,19.48529163362441,0 -99.26879512361539,19.4849294900311,0 -99.26900852603447,19.48500252907618,0 -99.26947448890581,19.4844673777205,0 -99.27011262710826,19.48387180288934,0 -99.27062573591023,19.48304999609097,0 -99.2708089873562,19.48294580876872,0 -99.27231717947488,19.48239598644192,0 -99.2732388696664,19.48204313833973,0 -99.27283819668965,19.48014717222316,0 -99.27286562255995,19.47705221683996,0 -99.2720398529615,19.47661316727498,0 -99.27129020165121,19.4764885319971,0 -99.27082453282635,19.47658581044589,0 -99.27025930947983,19.47724732287878,0 -99.26960168821202,19.47704455725856,0 -99.26923471857243,19.47696902683644,0 -99.26912210684372,19.47600548908552,0 -99.26936962689101,19.47485501546348,0 -99.26976358846728,19.47344019228594,0 -99.27043210104834,19.47174819697776,0 -99.27145154257114,19.47174761609578,0 -99.27296638981085,19.47104529899507,0 -99.27486070041647,19.47079627544435,0 -99.27654889657944,19.46966939359788,0 -99.27740908558459,19.46960891236363,0 -99.27814842144187,19.46916322623335,0 -99.27897020480692,19.46861429714306,0 -99.27903177394985,19.46760101232849,0 -99.27992937485763,19.46699801280601,0 -99.28050470275564,19.46670002789258,0 -99.28202257693061,19.46474481692193,0 -99.28304309441339,19.46473852817394,0 -99.28250351177809,19.46648115104192,0 -99.28745009484328,19.4664002383019,0 -99.29024598021515,19.46610634642017,0 -99.29184242725891,19.46605711697823,0 -99.2936199940886,19.46656755406022,0 -99.29449119009486,19.46700420401912,0 -99.29514290719808,19.46564538440816,0 -99.2950886278182,19.46172045303537,0 -99.29303770228093,19.46174483043909,0 -99.29192738360487,19.46113662487584,0 -99.29196236601271,19.46023636069505,0 -99.29310130966874,19.4592289874509,0 -99.29347589857097,19.457876448797,0 -99.29416351412789,19.45625528692592,0 -99.28874423357418,19.45384638282298,0 -99.28802528327229,19.4533304810258,0 -99.28296910171113,19.45208777322312,0 -99.28332869467718,19.45369074317487,0 -99.28332879562129,19.45372357197789,0 -99.28397755880283,19.45460693636819,0 -99.28326874361842,19.45545041473983,0 -99.28453469264761,19.45890116708558,0 -99.28042281893239,19.46040952856477,0 -99.27842251913073,19.45953787520973,0 -99.27857656982931,19.45709254049795,0 -99.27741514888747,19.45721982467255,0 -99.27628583133861,19.45599038008169,0 -99.27556497638115,19.4559541804766,0 -99.27489186380154,19.45546687835355,0 -99.27426645558353,19.45627129636341,0 -99.27235554343019,19.45562550281223,0 -99.27221271423298,19.45523045805715,0 -99.27201382205627,19.45528110637254,0 -99.27198456712739,19.45513662574303,0 -99.27112734861981,19.45572345220167,0 -99.27058529042809,19.45598843247783,0 -99.27046732535803,19.45598508509785,0 -99.27070454317032,19.45525991707977,0 -99.27171624843108,19.45246738159485,0 -99.27111406536775,19.45271656835619,0 -99.27001775544622,19.45311043372558,0 -99.26816544839501,19.45456586728678,0 -99.26523596482942,19.45589107864968,0 -99.26430389150806,19.45631317142223,0 -99.25904361981367,19.45767933626765,0 -99.25819054058496,19.45867375065284,0 -99.2571236121122,19.45911195118097,0 -99.25300060087662,19.45991419485559,0 -99.25308873473325,19.45940630816978,0 -99.25184736862988,19.45863244847117,0 -99.25032946497301,19.45872687003285,0 -99.24939963644661,19.45846061606261,0 -99.24746162915744,19.45828201607661,0 -99.24630848332986,19.4586658969158,0 -99.24525712743485,19.45899673883993,0 -99.2445765956674,19.45923368069551,0 -99.24416587005403,19.45956549333057,0 -99.24396453765461,19.45795954804657,0 -99.24284224914962,19.45875829520624,0 -99.24235505379532,19.45938865501073,0 -99.24223096262662,19.45839820661143,0 -99.24134634308508,19.45828284264673,0 -99.24077501213547,19.45832593030601,0 -99.24024907501651,19.45875505337312,0 -99.23930360394472,19.45926376018371,0 -99.23909998151385,19.45938820847758,0 -99.23818712330386,19.45970490105013,0 -99.23812080424456,19.46138477640688,0 -99.23774021882096,19.46246655754017,0 -99.23746084433657,19.46226259901996,0 -99.23720003062321,19.46223441902733,0 -99.23689122296436,19.46183290108951,0 -99.2363077254148,19.46182807829572,0 -99.23608947491429,19.46298307313754,0 -99.23482585537312,19.46329414454837,0 -99.23415481782706,19.46287204840373,0 -99.23230200683929,19.46257385777481,0 -99.2321483250609,19.46311506938311,0 -99.23406311616482,19.46368140467333,0 -99.23301495495261,19.46494755567662,0 -99.2328720645426,19.4650082778872,0 -99.2335697252314,19.46566454036059,0 -99.23677245346714,19.46621661811341,0 -99.2377987711337,19.46643686166599,0 -99.23809952797939,19.46675417465671,0 -99.23795043628679,19.46696414711776,0 -99.23728709081959,19.46755495751056,0 -99.23728733612518,19.4676090135979,0 -99.23680026728542,19.46812962290419,0 -99.23620680893632,19.4686989998133,0 -99.2361002154213,19.4694390825315,0 -99.23684857943596,19.4701675729282,0 -99.23580504563239,19.47265712579525,0 -99.23393597896421,19.47381433151525,0 -99.23112855245402,19.47324177540136,0 -99.22877720607558,19.47266433234313,0 -99.22932749621185,19.47459912205692,0 -99.23067890060599,19.47769693407026,0 -99.23179425709186,19.4790966410633,0 -99.2323807747991,19.48019795503861,0 -99.23321800394905,19.4822479317435,0 -99.23446997083319,19.48426932069286,0 -99.23602469302179,19.48462592690242,0 -99.23646968585902,19.4824615544102,0 -99.23706204542526,19.48350449680138,0 -99.23740890291585,19.48357603908534,0 -99.23733533353804,19.48390673246177,0 -99.23735735821002,19.48438908756398,0 -99.23833301385021,19.48432845985332,0 
							</coordinates>
						</LinearRing>
					</outerBoundaryIs>
				</Polygon>
			</Placemark>
			<Placemark>
				<name>CD INTERLOMAS</name>
				<styleUrl>#naucalpan</styleUrl>
				<Polygon>
					<tessellate>1</tessellate>
					<outerBoundaryIs>
						<LinearRing>
							<coordinates>
								-99.29565621703851,19.40684583463045,0 -99.29578199381582,19.40637390040022,0 -99.29752898342421,19.40283879035482,0 -99.29640238322224,19.39545944668361,0 -99.28944823934444,19.39735750519386,0 -99.2859528996805,19.39770079700525,0 -99.28081825870736,19.39545633268466,0 -99.27972188498447,19.39230560847223,0 -99.27797721304816,19.39289222664104,0 -99.27536780179767,19.39348405019452,0 -99.27286607398609,19.39535803960722,0 -99.26879640743468,19.39980408418803,0 -99.26067579459516,19.40120642242293,0 -99.25902290816829,19.40463477374673,0 -99.25389982386848,19.40948866748142,0 -99.24979611645888,19.41185404408689,0 -99.24558823372544,19.41423181275022,0 -99.2524518889323,19.41985404190731,0 -99.25414158820641,19.42150839656127,0 -99.25200629278727,19.42282935504201,0 -99.25382635627251,19.42361887274103,0 -99.25575261912138,19.42490332944112,0 -99.2557949568056,19.42553823520384,0 -99.25617736039497,19.42696680983404,0 -99.25688367319502,19.42721381348863,0 -99.25756767086386,19.42722139439085,0 -99.25978958028743,19.4282516897197,0 -99.26178215926969,19.43352797050711,0 -99.26114472206196,19.43407616824862,0 -99.26122802304344,19.43427847352252,0 -99.26104406015594,19.43463541089371,0 -99.26065415882456,19.43482892992245,0 -99.26050443538506,19.4350579186552,0 -99.26024975195494,19.43543518620072,0 -99.2596440158885,19.43608999637058,0 -99.25908880402034,19.43691405627782,0 -99.25865467720529,19.43763830020879,0 -99.25806404239987,19.43837850839712,0 -99.25683031075108,19.43847630452796,0 -99.25622925443037,19.43900225291903,0 -99.25562204122477,19.43961016780838,0 -99.25488704165369,19.4399921426319,0 -99.25449206178547,19.44018094550781,0 -99.2542778074275,19.440903177493,0 -99.25412853250775,19.44136927269355,0 -99.25386109500978,19.44166118458955,0 -99.25311856707546,19.44218379993861,0 -99.25216177405211,19.44280582320308,0 -99.25243290794864,19.44286407407329,0 -99.25311732572582,19.44275918595607,0 -99.25345969025429,19.44271756173128,0 -99.25425443141486,19.4419097811476,0 -99.25450234433066,19.442382442726,0 -99.25504390214712,19.44214872855106,0 -99.25544868808383,19.44283913695384,0 -99.25575757777547,19.4427412176439,0 -99.2557299815676,19.44256759289,0 -99.2557105619746,19.44237469980901,0 -99.25614499172912,19.44186759420091,0 -99.25637540581968,19.44182988126473,0 -99.25669755996311,19.44180426193845,0 -99.25743588805007,19.44200081150115,0 -99.25777147100743,19.44279745128445,0 -99.25794544139845,19.44285057268634,0 -99.25829873721617,19.4428052777583,0 -99.25854340405182,19.44287495264481,0 -99.25908828467225,19.44292495205559,0 -99.25976959649124,19.44305422622984,0 -99.26049430939241,19.44310203741914,0 -99.26100116485739,19.44316335916806,0 -99.26216918989394,19.4432608331161,0 -99.26346945727244,19.44342329393055,0 -99.26779150124126,19.4435096309222,0 -99.26733935363366,19.44218274359675,0 -99.265941078485,19.44002601687092,0 -99.26547391439452,19.4390541985153,0 -99.26506310560055,19.4382462953449,0 -99.26460315537332,19.43741933053614,0 -99.26263482113694,19.43338388184983,0 -99.26416841854297,19.43259626457407,0 -99.26662944998833,19.4301811485339,0 -99.26700097373048,19.42982448091205,0 -99.26787156104496,19.42904955442055,0 -99.2691123809122,19.42825467220052,0 -99.27074865425234,19.42790117775127,0 -99.26972226214157,19.42559890151524,0 -99.26923060967097,19.42463075403772,0 -99.26818093693173,19.42436401792144,0 -99.26808873673366,19.42396668245101,0 -99.26861509063171,19.42337758172332,0 -99.26935595066567,19.42360966610776,0 -99.26967880350716,19.42376776131606,0 -99.27026360367117,19.42319894395032,0 -99.27123080963457,19.42263807713241,0 -99.27158385619384,19.42242085888299,0 -99.27154301929406,19.42195707792006,0 -99.27237903270995,19.42182511825044,0 -99.2733017096098,19.42169911583821,0 -99.27399340346821,19.42114654013212,0 -99.27393219871581,19.42021453577539,0 -99.27453815261896,19.41930854464367,0 -99.27440851679886,19.41822871838415,0 -99.27416772644997,19.41796672556653,0 -99.27561914988455,19.41677259503163,0 -99.2768837776279,19.41641620096895,0 -99.27722695566281,19.41588342516938,0 -99.27717750131053,19.41534175725604,0 -99.27796664724342,19.41476848229606,0 -99.27902315111514,19.41465701314246,0 -99.27964650563746,19.41452461526021,0 -99.27998943526276,19.41469232939267,0 -99.28014810811814,19.41504120604089,0 -99.2806602777804,19.41521612524426,0 -99.28082795364426,19.41542773645351,0 -99.28152512274001,19.41535374076931,0 -99.28211813051041,19.41512636499423,0 -99.28283769246066,19.41485620870878,0 -99.28307179425205,19.41390231443675,0 -99.28361490834469,19.41332905794387,0 -99.28479952177096,19.41278850407911,0 -99.284541750166,19.41262304524031,0 -99.2847812063187,19.41236803114639,0 -99.28515329575542,19.41233424664572,0 -99.2854411739294,19.41218941720435,0 -99.28565869188611,19.41244687129788,0 -99.28721806076641,19.41194707018193,0 -99.28930502559756,19.41046881149087,0 -99.28999311599586,19.40989102112634,0 -99.29054303405053,19.40971739522262,0 -99.29059424876573,19.40968569174927,0 -99.29134834528861,19.40935332933335,0 -99.29168796043727,19.40911636929438,0 -99.29210311907906,19.40906872612972,0 -99.29210243805358,19.40864648898542,0 -99.29210629496117,19.40835291780796,0 -99.29234365713444,19.40824344932885,0 -99.29284129022415,19.40811015767171,0 -99.29335760459725,19.40811687539888,0 -99.29358840131827,19.40842840649084,0 -99.29400318504254,19.40841795285626,0 -99.29455347859839,19.40814644519911,0 -99.29518111865175,19.4080125881043,0 -99.29588839740975,19.40797152686547,0 -99.29588805364747,19.40707972982843,0 -99.29565621703851,19.40684583463045,0 
							</coordinates>
						</LinearRing>
					</outerBoundaryIs>
				</Polygon>
			</Placemark>
			<Placemark>
				<name>CD REMEDIOS</name>
				<styleUrl>#naucalpan</styleUrl>
				<Polygon>
					<tessellate>1</tessellate>
					<outerBoundaryIs>
						<LinearRing>
							<coordinates>
								-99.22754694786448,19.49102782471284,0 -99.22720810368671,19.49309528484996,0 -99.2266658747732,19.49561648872614,0 -99.22616681127141,19.49769051734307,0 -99.22577928935043,19.49845292855913,0 -99.22549750647724,19.49894381043283,0 -99.22364078663361,19.50093365459908,0 -99.22273253139079,19.50180839513241,0 -99.22245455748876,19.50225550683715,0 -99.2223666781544,19.50263419621035,0 -99.22243758935431,19.50271135366236,0 -99.22275745736999,19.50299344608234,0 -99.22367012171121,19.50352119600539,0 -99.22455351808888,19.50413966221469,0 -99.22593310213574,19.50509252682564,0 -99.22737868018282,19.50585755047396,0 -99.22848225423361,19.50660904517097,0 -99.23081070853719,19.50436143824009,0 -99.23303977737658,19.50589368976963,0 -99.23175062419385,19.51000580292225,0 -99.23194945244819,19.51025661599101,0 -99.23013662452736,19.51278870735456,0 -99.22962979674695,19.51300845169729,0 -99.22973047641591,19.51334381437759,0 -99.23043953885212,19.51317053840623,0 -99.23229934645285,19.51058589100994,0 -99.23404470355536,19.51062714557028,0 -99.23567778865748,19.51122077759145,0 -99.23580944855536,19.51162592661087,0 -99.23432161371268,19.51394450906199,0 -99.23427184557903,19.51415937411343,0 -99.22847583838438,19.52193619275007,0 -99.22759322001774,19.52302592426727,0 -99.22996007265215,19.5239750198244,0 -99.23145237072042,19.52435870818146,0 -99.23104693026858,19.52595615958206,0 -99.23077250351773,19.52679145311584,0 -99.23167376995376,19.52691897739303,0 -99.23476822565031,19.52735983894425,0 -99.23497462564843,19.52727439806131,0 -99.23518233420656,19.52720428270668,0 -99.23551195641436,19.52713025555404,0 -99.23579744354595,19.52560988276203,0 -99.23625240049803,19.52531497173015,0 -99.23681708712729,19.52562224762992,0 -99.23863799151189,19.52213691547628,0 -99.23896201757975,19.5220325953777,0 -99.24028188654015,19.5214404377861,0 -99.24197157885796,19.52065822360216,0 -99.24237666447277,19.51974682877875,0 -99.24420496115606,19.51618261906998,0 -99.2455153151126,19.5136359949901,0 -99.24632412982297,19.51255613808609,0 -99.24937003734432,19.51359226100989,0 -99.2505454825701,19.51260168297489,0 -99.25151049307506,19.51172714047963,0 -99.25166441530158,19.51167185935638,0 -99.25215207026528,19.51180446337254,0 -99.25244276735181,19.51117267482468,0 -99.25377509215782,19.51153917986619,0 -99.25414340488004,19.51144632167797,0 -99.25429155001537,19.51155819158767,0 -99.25421105531412,19.51172989382128,0 -99.25370520531374,19.5128487253805,0 -99.25345126920956,19.51366332543393,0 -99.25342805223056,19.51391168716431,0 -99.2533848806215,19.51434563360932,0 -99.25372409299523,19.51547349258509,0 -99.25405457749008,19.51658690355047,0 -99.25401489809389,19.51705416802026,0 -99.2538470420218,19.51736903363685,0 -99.25373670972905,19.51797457159389,0 -99.25352288705731,19.51847878459536,0 -99.25296749453335,19.51946908851677,0 -99.25325246416732,19.51958901699647,0 -99.25367548471709,19.51967154324624,0 -99.25424530034931,19.51967887749395,0 -99.25456047745448,19.5196144206012,0 -99.25486848430441,19.5195217296561,0 -99.25511806330104,19.51946323619524,0 -99.2553403610859,19.51941765596729,0 -99.25525910837948,19.5185578192985,0 -99.25513133094181,19.51723245629019,0 -99.25511692146863,19.51711467793539,0 -99.25506647068794,19.51661890235422,0 -99.25515491925421,19.5157542554404,0 -99.25545135544178,19.51489877852382,0 -99.25636817111668,19.51425813609986,0 -99.2575365740306,19.51373238586426,0 -99.25832156180108,19.51306399036895,0 -99.25871380672429,19.51239247058453,0 -99.25937643295723,19.51161180394696,0 -99.26066974178666,19.5108136987566,0 -99.26126339480965,19.51044537905563,0 -99.26136523895622,19.51128586299411,0 -99.26157878316252,19.51125476582887,0 -99.26183103539483,19.51152694232342,0 -99.26206985336979,19.51173389782947,0 -99.26234670905194,19.51183165330063,0 -99.26340660563891,19.51193827714272,0 -99.26388775620752,19.51198654925072,0 -99.26446823813261,19.51186201713606,0 -99.26476753157094,19.51187264261517,0 -99.26519412765975,19.51206160541636,0 -99.26541350576855,19.5123141232163,0 -99.26546115650359,19.51256783981225,0 -99.26548102802386,19.51301771482148,0 -99.26561336851475,19.51268320876862,0 -99.26576768254832,19.51248661247036,0 -99.26616998778904,19.51227493560215,0 -99.26707400008699,19.51189278043527,0 -99.26728650002424,19.51180470251174,0 -99.26821146138938,19.51351726334575,0 -99.26882017555016,19.51465685799636,0 -99.26929090931533,19.51555045271813,0 -99.26978826783169,19.51634126993739,0 -99.27058131536626,19.51578785856457,0 -99.27183604682746,19.51314759741298,0 -99.27272040076623,19.51282392137896,0 -99.27400917794041,19.51246753346737,0 -99.27498879855762,19.51196969084725,0 -99.27536085724655,19.51189677485827,0 -99.27581130067462,19.51013552821204,0 -99.27677081189336,19.5103070262312,0 -99.27688561917421,19.51041280111008,0 -99.27694792618234,19.510519609886,0 -99.27707525210575,19.51056614184709,0 -99.27723051242531,19.5105551095252,0 -99.27728082302598,19.51051443384694,0 -99.27736888140373,19.51029533354468,0 -99.27753966812561,19.51010394212862,0 -99.27774136129044,19.50994179585999,0 -99.27814713757655,19.509718660952,0 -99.27816297558446,19.5096613486605,0 -99.27803610372666,19.50880489081575,0 -99.27801506701707,19.50870829748886,0 -99.27850268106994,19.50850870138929,0 -99.27859035378549,19.50806453820808,0 -99.27861138402874,19.50792609228414,0 -99.27873567221248,19.5080442937379,0 -99.27880792379806,19.50813393799054,0 -99.27885577727231,19.50826044970894,0 -99.27887986942297,19.50838822107843,0 -99.27893124423248,19.50851177108438,0 -99.27901087259745,19.5086010900955,0 -99.27925364655984,19.50872559000861,0 -99.27941137916744,19.50882939556799,0 -99.27939146295049,19.50872334283808,0 -99.27937251207688,19.5085146484913,0 -99.27941396113501,19.50842382630008,0 -99.27963137733101,19.50760328833578,0 -99.27982959442299,19.50739621400237,0 -99.27994156403413,19.50718238939074,0 -99.28004204572331,19.50655414389702,0 -99.28010293290053,19.50582055818533,0 -99.28019506634774,19.50579244103354,0 -99.28070906554349,19.50534534966621,0 -99.28115406920988,19.50507949115815,0 -99.281083361572,19.50483473942054,0 -99.2811458591285,19.50479914459118,0 -99.28136718041662,19.50465637287662,0 -99.28153983026708,19.50466356424252,0 -99.28240606225674,19.50464638591054,0 -99.28254023132685,19.50468602916326,0 -99.28263067210669,19.50442266127925,0 -99.28259238695712,19.50420158283462,0 -99.28254974330352,19.50388554771227,0 -99.28249137274405,19.50360331831632,0 -99.28246303248018,19.50329791692706,0 -99.28247851951599,19.50300567447081,0 -99.28248521863355,19.50293201058529,0 -99.28245366836796,19.50285092938823,0 -99.28208446779907,19.50201754072134,0 -99.28163048155611,19.50098716460272,0 -99.2815154598561,19.50071990800995,0 -99.2815788137233,19.50068158497342,0 -99.28167881771382,19.50053779724093,0 -99.28185202556847,19.50042217938719,0 -99.28241834154647,19.50031079299583,0 -99.2825842749254,19.50017933064984,0 -99.28274398923813,19.49984977456011,0 -99.28280117084692,19.49962443007578,0 -99.28284627221974,19.49948274287544,0 -99.28290452636003,19.49933482903102,0 -99.28324135493543,19.49903214601566,0 -99.28337219039267,19.49890372235654,0 -99.28342657039624,19.49881434141661,0 -99.28345836641381,19.49868825172167,0 -99.28364078008607,19.49851949094777,0 -99.28381470504625,19.49838911792371,0 -99.2839108165802,19.49831054057268,0 -99.28404003058596,19.49817926117169,0 -99.28406659359101,19.49812560524456,0 -99.28410878394912,19.49808266327629,0 -99.2841448413528,19.49807294827902,0 -99.2842251934722,19.49810087353886,0 -99.28428408707993,19.49814402753202,0 -99.28434192635903,19.49818883430378,0 -99.28441282606393,19.49821779692966,0 -99.28446688621618,19.49819715076377,0 -99.28450189299569,19.49817334026241,0 -99.28453889247491,19.4979671767278,0 -99.28462424078114,19.49784029447297,0 -99.28480152493283,19.49781302106591,0 -99.28509025686965,19.49789277035401,0 -99.28532670075722,19.49788207668756,0 -99.28555906908484,19.49784694845343,0 -99.28575063915375,19.49779887568677,0 -99.28584324102191,19.49764131321198,0 -99.28592367221469,19.49761560486638,0 -99.28599706806237,19.49758291883349,0 -99.28605915537928,19.4974181823304,0 -99.28615022330598,19.49732142194554,0 -99.28634548727914,19.49730469149697,0 -99.28644893829706,19.49730097133747,0 -99.28655153252393,19.49725412228909,0 -99.28673768092942,19.49709777637214,0 -99.28681391203695,19.4969464832935,0 -99.28687516130977,19.49671580313856,0 -99.2869030551179,19.49653142502869,0 -99.28697383567678,19.49646464841777,0 -99.28708618439201,19.49643607010699,0 -99.28724690968473,19.49645713036756,0 -99.28731407226051,19.49641613845713,0 -99.28733915527781,19.49629748481387,0 -99.28742095734565,19.49612804362678,0 -99.28764980707312,19.49588034736972,0 -99.28784494599982,19.49573274319477,0 -99.28801483217526,19.495546804196,0 -99.28810772144244,19.49536543399216,0 -99.28822103355277,19.49521995927439,0 -99.28845728857485,19.49492288703375,0 -99.28859455909677,19.49468146210322,0 -99.28866321770666,19.49426734386734,0 -99.2886948028309,19.49408043216279,0 -99.28880240165883,19.49383379247645,0 -99.28895361828695,19.49379258049257,0 -99.28922183159158,19.49374552761899,0 -99.28949251026724,19.49362122489693,0 -99.2898116189474,19.49348808377458,0 -99.28990468691975,19.49343492482122,0 -99.29001573335661,19.49337556575394,0 -99.29033890078013,19.4932718529706,0 -99.29045413014666,19.49322816987518,0 -99.29076010957164,19.49326091019742,0 -99.29100164896914,19.49315908887651,0 -99.29115543517538,19.49286943152198,0 -99.29130276170167,19.49270087964817,0 -99.2915091914081,19.4925133178935,0 -99.29178834501074,19.49236874184848,0 -99.2920400804236,19.49227433667939,0 -99.29224639787883,19.49222951540229,0 -99.29239670973409,19.49199558712885,0 -99.29253011256175,19.49172512575204,0 -99.29265473956782,19.49160813426777,0 -99.29285206420322,19.49144046755056,0 -99.29328635393075,19.49123184864223,0 -99.29381033369384,19.49105369869593,0 -99.2943220294966,19.49093825809029,0 -99.29468864124348,19.4909753736227,0 -99.29502090895269,19.49087451895858,0 -99.29540420942502,19.49060494957618,0 -99.29563983550972,19.49021845358625,0 -99.29595975962708,19.48969925086061,0 -99.29621593352564,19.48947715230887,0 -99.2964031461208,19.48925211415973,0 -99.29649631833826,19.48879242850023,0 -99.29680409422431,19.48838452056068,0 -99.29712766835944,19.48782015147759,0 -99.2972415346071,19.48759422826229,0 -99.29817161912993,19.4872700089636,0 -99.29911145914541,19.48640794105552,0 -99.29941731130896,19.48596084369026,0 -99.30003384267984,19.48531902175,0 -99.30083405033876,19.48523869287228,0 -99.30154657364197,19.4849854941446,0 -99.30201360906685,19.4842415661114,0 -99.30208020904895,19.4840054787098,0 -99.3019620726558,19.48338212649452,0 -99.30371913054051,19.48126585500282,0 -99.30776062507381,19.47499188097632,0 -99.31259494518079,19.47501230572985,0 -99.31610162454362,19.47357184975886,0 -99.31805658943509,19.4735551085185,0 -99.32233449492793,19.47170697930249,0 -99.32368038284513,19.46781796016945,0 -99.31863687347233,19.4643721342356,0 -99.31393542276517,19.45892073153656,0 -99.30671092560254,19.45646122147692,0 -99.30477783506704,19.45640946354101,0 -99.30377875216543,19.45651489879561,0 -99.30331651964596,19.45679989699877,0 -99.30265063982263,19.45676196917275,0 -99.30203247857101,19.45678258920626,0 -99.30189304302878,19.45643209053057,0 -99.30133723131556,19.45680013943679,0 -99.30028505730647,19.45660061487951,0 -99.29879143086748,19.45680829171589,0 -99.29800504944279,19.45700034414339,0 -99.29745655825784,19.45729647595159,0 -99.29647921599266,19.45716093808674,0 -99.29592433034601,19.456888934198,0 -99.2954600495912,19.45666545069712,0 -99.29514782827339,19.45671627874015,0 -99.29481024998034,19.45647940512718,0 -99.29471826038349,19.45624832533664,0 -99.29451396501435,19.45628316450466,0 -99.2943818441439,19.45631602611479,0 -99.29428902024677,19.45623460654917,0 -99.29396808491629,19.45589025724911,0 -99.29359266764031,19.45576330903359,0 -99.29348423011947,19.45572630175817,0 -99.29354028426518,19.45596457205999,0 -99.29359225446726,19.45607649969914,0 -99.29372894912721,19.45625623715383,0 -99.29369607054844,19.45662432956751,0 -99.29365504927213,19.45692900434902,0 -99.29352518469439,19.45759094781796,0 -99.29349503657036,19.45784225066204,0 -99.29336723633739,19.45816295288346,0 -99.29311785772475,19.45920378135865,0 -99.2925533849328,19.4597048209103,0 -99.2922601226075,19.45994663972541,0 -99.2920293102446,19.46015839751773,0 -99.2919720802285,19.46023774222394,0 -99.29191643166475,19.46114604699027,0 -99.29305006602934,19.46174294201972,0 -99.29339466808007,19.46176891048187,0 -99.29395326759153,19.46174537280851,0 -99.2944692531386,19.46172435501741,0 -99.29505062430125,19.46171169364737,0 -99.29514224030888,19.46512561980435,0 -99.29514160079299,19.4656317789528,0 -99.29481166652664,19.4663298513307,0 -99.29450548645195,19.46700454845736,0 -99.29426535821104,19.4668707644439,0 -99.29389666781825,19.46670620950849,0 -99.29365654117652,19.46656987251055,0 -99.29346203821191,19.4665120804879,0 -99.29335684781587,19.46649582016041,0 -99.29312496721145,19.46641621626695,0 -99.2926081498621,19.46627311765161,0 -99.29212023855709,19.46613470265629,0 -99.2918324192337,19.46605171045186,0 -99.29132865208267,19.46606509853501,0 -99.29086286040329,19.46608578132238,0 -99.29009698233051,19.46610628998788,0 -99.2895461091946,19.46617408434727,0 -99.28825290527945,19.46629831628333,0 -99.28738946477608,19.46637680818372,0 -99.28432023063746,19.46644524918336,0 -99.28253585950648,19.46646346989949,0 -99.28306068828974,19.46475696760754,0 -99.28205561075042,19.46470742496306,0 -99.28050645462484,19.4667099171455,0 -99.27991963680604,19.46696466252459,0 -99.27904367429346,19.46760715586812,0 -99.27893965292581,19.46859189966393,0 -99.27741425814752,19.46960344037401,0 -99.27653455161797,19.46966986539743,0 -99.27490004101234,19.47074028195257,0 -99.27295566681562,19.47104554393527,0 -99.27143698704106,19.47173737936686,0 -99.27042291190382,19.4717475228413,0 -99.27033390976791,19.47195631127137,0 -99.27032009569277,19.47196460113591,0 -99.27026531757274,19.47215244455098,0 -99.27014910490165,19.47251665714098,0 -99.26983025153949,19.47292170360771,0 -99.26968102363672,19.47349083143488,0 -99.26933599117628,19.47425365405476,0 -99.26923199279243,19.47470104752054,0 -99.26913299545582,19.47563108398541,0 -99.26905387465804,19.47606460212204,0 -99.2690632125959,19.47688288299539,0 -99.26938176625892,19.47699352650478,0 -99.2696795926753,19.47705510730753,0 -99.26978882371451,19.47720561243859,0 -99.26976639767288,19.47730332908555,0 -99.2699489028073,19.47738505114123,0 -99.27010616410161,19.47740866035189,0 -99.27025299198652,19.47742654067224,0 -99.27033086816728,19.47744526936807,0 -99.27038348212311,19.4772957683297,0 -99.27054904882307,19.47690791885415,0 -99.27085457385164,19.47658090858578,0 -99.27127802644901,19.47648718630455,0 -99.27206243535312,19.47664524154934,0 -99.27285256762873,19.47706962046062,0 -99.27287400108894,19.47723676678135,0 -99.27285411407836,19.47818982973367,0 -99.27282289420287,19.47896266723321,0 -99.27283201514959,19.47973254822987,0 -99.27282861531877,19.48010351643401,0 -99.27282526391552,19.48019030706881,0 -99.27295435670472,19.48074331724601,0 -99.27306127799794,19.48121992195146,0 -99.27311202292488,19.48142164732135,0 -99.27324622333433,19.48203154718765,0 -99.27294575882568,19.48214027309341,0 -99.27245452988006,19.48233809641657,0 -99.27202453191666,19.48249296699535,0 -99.27162956927314,19.48264042079403,0 -99.27124867633654,19.48277419460039,0 -99.2708366219654,19.48292965313663,0 -99.27069175208034,19.48298274126164,0 -99.27063005891354,19.4830342581715,0 -99.27023212775597,19.48363758534125,0 -99.2701035498899,19.4838434199751,0 -99.26985733831847,19.48406611384885,0 -99.26966853290105,19.48425316784994,0 -99.26937290171492,19.4845486926689,0 -99.26928613273162,19.48458568557828,0 -99.26906025895082,19.48501748297429,0 -99.26880844563732,19.4849200742891,0 -99.26861649033088,19.48508718411885,0 -99.26842927657286,19.48526167598449,0 -99.26811815494885,19.48533396016834,0 -99.26781873258373,19.4854560844849,0 -99.26763591232172,19.48562690172447,0 -99.26738809035294,19.48579130328039,0 -99.26694668820112,19.48602700582819,0 -99.26656312952305,19.48637860038086,0 -99.26623764108562,19.48663222863429,0 -99.26595518643857,19.48663244955402,0 -99.26569302916705,19.48660635946656,0 -99.26549170823388,19.48650264502231,0 -99.26519725785681,19.48635002023993,0 -99.263639451787,19.48555222788209,0 -99.2630101591045,19.48523412432973,0 -99.26271829221605,19.48519421285873,0 -99.26269585492551,19.48504273602024,0 -99.26249917850343,19.48505185365364,0 -99.26216138652511,19.48567300752708,0 -99.26190136717307,19.48615377253792,0 -99.26175468999048,19.48635763282843,0 -99.26161938785734,19.486410941384,0 -99.25857844493171,19.48627702813096,0 -99.25814913600479,19.4868477305479,0 -99.25808211980963,19.48693523551787,0 -99.25768006537982,19.48734184172653,0 -99.25740622963498,19.48760294757284,0 -99.25723191266782,19.48783155588546,0 -99.25547677292602,19.48776719250412,0 -99.25451235756299,19.48763988227737,0 -99.25375203898093,19.48757335790397,0 -99.25277830287457,19.48743237723677,0 -99.25171894750036,19.4874210780304,0 -99.25080702090192,19.48733444492395,0 -99.25030730171794,19.48727361759926,0 -99.24994266858731,19.4872066200298,0 -99.24965368943798,19.48722222046007,0 -99.24887722596307,19.48704744520145,0 -99.24803150047502,19.4868315986553,0 -99.24752656248758,19.48664376744303,0 -99.24732674582027,19.48675949314632,0 -99.24696225482094,19.4868262345522,0 -99.24475463304663,19.48763547761239,0 -99.24439376532472,19.48757100395128,0 -99.24388344039744,19.48671376033929,0 -99.24257823094916,19.48516482621861,0 -99.23984711162198,19.48262145247015,0 -99.23984782491527,19.48279468463278,0 -99.23965294383753,19.48310627144864,0 -99.2395057114534,19.48316483947162,0 -99.2383317924491,19.48366868672129,0 -99.23868719142094,19.48377809887984,0 -99.23888905589388,19.48411294376409,0 -99.23874194938649,19.48418109534864,0 -99.23821067782663,19.48432386015571,0 -99.23737868223239,19.48439313622288,0 -99.23738856180805,19.48362016186797,0 -99.2373891799857,19.48353394727636,0 -99.23707121877602,19.48351725502553,0 -99.23646245293023,19.48247533979038,0 -99.23627239207889,19.48344963434335,0 -99.23610151224828,19.48428974269485,0 -99.23605969059095,19.48451845421337,0 -99.23561622649228,19.48452193811031,0 -99.23445562266666,19.48422173792486,0 -99.23178360962609,19.47907478804353,0 -99.23111418735526,19.47776726033464,0 -99.23092519314176,19.47795178010263,0 -99.23110390472371,19.4785710688356,0 -99.23101500623362,19.47916804894213,0 -99.2309666593564,19.47953651996606,0 -99.2309883476746,19.47990243653501,0 -99.23093603084367,19.48020462519103,0 -99.23091231024051,19.48040622712208,0 -99.23093526369308,19.48084743869556,0 -99.23061015077221,19.48192525942026,0 -99.23030489041307,19.48277609895242,0 -99.23006214082257,19.48349072653198,0 -99.22955169498307,19.48508194541929,0 -99.22903925036887,19.48679264100527,0 -99.22754694786448,19.49102782471284,0 
							</coordinates>
						</LinearRing>
					</outerBoundaryIs>
				</Polygon>
			</Placemark>
		</Folder>
		<Folder>
			<name>ZONA BASILICA</name>
			<Placemark>
				<name>Xalostoc</name>
				<styleUrl>#basilica</styleUrl>
				<Polygon>
					<tessellate>1</tessellate>
					<outerBoundaryIs>
						<LinearRing>
							<coordinates>
								-99.10246042639568,19.51306989088859,0 -99.1027296143741,19.51258099243626,0 -99.10247432471998,19.51215744401723,0 -99.10194444405047,19.5111908912913,0 -99.10106318571873,19.51129030476784,0 -99.1001518007115,19.50998986908268,0 -99.09973505400292,19.50879945363711,0 -99.09910215251024,19.50773688154563,0 -99.09973597588463,19.50673453066756,0 -99.10186324809708,19.50482063667658,0 -99.1017481760687,19.50426027180279,0 -99.10168040564491,19.50333589538941,0 -99.10143252961379,19.50254109482153,0 -99.10073373544317,19.501688388371,0 -99.10121394965491,19.50055833801931,0 -99.10146134838111,19.50042116972325,0 -99.10214164789403,19.49949688090107,0 -99.10293922781288,19.49927529672815,0 -99.10307387523136,19.49867454174395,0 -99.10278495210251,19.49866998226862,0 -99.10090408229607,19.49611223309642,0 -99.10169201279903,19.49429320172744,0 -99.10194923255499,19.49433998473948,0 -99.10214908336161,19.49394443241092,0 -99.10313261297888,19.49420515220615,0 -99.10449032896973,19.49449434731441,0 -99.10446807349865,19.49407841934782,0 -99.10475691733636,19.49396433523291,0 -99.10507806083132,19.49336943216031,0 -99.10429066636755,19.49376966102034,0 -99.10406529459264,19.49320179511442,0 -99.10465026210875,19.49273362052429,0 -99.10539345846877,19.49173724560547,0 -99.10513889135235,19.49179568302045,0 -99.10482700157303,19.49068629987937,0 -99.10444940847987,19.48928337822542,0 -99.10184036247044,19.48997089387505,0 -99.09427568320397,19.48699402383676,0 -99.0886165188203,19.4846974187254,0 -99.08556449666234,19.49307863637361,0 -99.07805025397769,19.50411789743975,0 -99.09046865661979,19.50967314015778,0 -99.08373518266434,19.52178325606176,0 -99.08311904747504,19.52348462572111,0 -99.07765657061441,19.52843326386224,0 -99.06949093400131,19.53224335913236,0 -99.06992315678534,19.53282069910702,0 -99.07356007385658,19.5316967070945,0 -99.07692052364274,19.53392207141436,0 -99.07379689896318,19.53842081074308,0 -99.07444747416037,19.53868318239224,0 -99.07288294972885,19.54268238376654,0 -99.07314770677884,19.54279097793217,0 -99.07321197530652,19.54289887456835,0 -99.07314867156333,19.5450079154131,0 -99.07327678748209,19.5449658528959,0 -99.07474548180977,19.54725216287168,0 -99.07697885187912,19.54861782412144,0 -99.07700674030754,19.5487216995345,0 -99.07700657415357,19.54900943410531,0 -99.07690640874642,19.54949988487306,0 -99.07691977897255,19.55001239207721,0 -99.07705800688636,19.55027621485215,0 -99.07727406445089,19.55059711773059,0 -99.07725762209373,19.55076258038932,0 -99.07739043407321,19.55087786516113,0 -99.07747663843649,19.55115316358498,0 -99.07748202072253,19.55127649084272,0 -99.07761610590967,19.55133249056166,0 -99.07793615826625,19.55065889646634,0 -99.07823735057877,19.55079612910386,0 -99.07949336154969,19.54848578071145,0 -99.07986440669775,19.548441811233,0 -99.08132401352209,19.54931563789812,0 -99.08213738078788,19.54944093133056,0 -99.08380723952148,19.54934599544981,0 -99.0867326035121,19.54862834233179,0 -99.0881985495846,19.54847328935561,0 -99.0892598994086,19.54875451339971,0 -99.09126068413914,19.54972528866429,0 -99.09163517112354,19.54837306868209,0 -99.09218539187545,19.5484016090483,0 -99.09241137020133,19.54773653498902,0 -99.10293160410725,19.54662235960824,0 -99.10287808143927,19.54502849662536,0 -99.10392522878203,19.54304356334939,0 -99.10529786440823,19.54050592073737,0 -99.10685597266666,19.53744089480969,0 -99.10615858958212,19.53689784282314,0 -99.10663725908367,19.53603091076552,0 -99.10529329469011,19.53453790306042,0 -99.10347005086727,19.53264250994935,0 -99.10139339779387,19.52956434119433,0 -99.10014821169302,19.52710797938115,0 -99.09941487328348,19.52479279045855,0 -99.09918889427274,19.52198658234612,0 -99.09905820514278,19.52050288375991,0 -99.09805107159674,19.51947334457772,0 -99.10246042639568,19.51306989088859,0 
							</coordinates>
						</LinearRing>
					</outerBoundaryIs>
				</Polygon>
			</Placemark>
			<Placemark>
				<name>Insurgentes</name>
				<styleUrl>#basilica</styleUrl>
				<Polygon>
					<tessellate>1</tessellate>
					<outerBoundaryIs>
						<LinearRing>
							<coordinates>
								-99.10757805052822,19.48296906023613,0 -99.11125965255791,19.48375645681738,0 -99.11342245772305,19.48415344801606,0 -99.11359043419766,19.48427856816923,0 -99.1136697299054,19.48443017959835,0 -99.11272799138398,19.48739148281253,0 -99.11528175898285,19.48827548543016,0 -99.1171226702469,19.48892910843486,0 -99.12072044661002,19.49254443100805,0 -99.12358690814743,19.49705567926069,0 -99.12468265122467,19.49872985106585,0 -99.12701452285405,19.50204030627145,0 -99.13120330644446,19.50292659588795,0 -99.13204687989956,19.49829829810568,0 -99.13293659086652,19.4945894449336,0 -99.13465463757082,19.49487826918147,0 -99.14022806612306,19.49618332459644,0 -99.14401058408153,19.49789851442263,0 -99.14613417277558,19.49879035808756,0 -99.14974110905099,19.50007476485592,0 -99.15303646091338,19.50125316928336,0 -99.15590978909222,19.49832378272812,0 -99.1594458907126,19.49912819452635,0 -99.1598979816648,19.49919899884013,0 -99.16019937096442,19.49926987748012,0 -99.16333531416191,19.49989696213391,0 -99.16402867768643,19.49740270767971,0 -99.16684855541527,19.48580873831131,0 -99.16286624332174,19.48490500102442,0 -99.15677790655457,19.48344428690188,0 -99.15769993599774,19.47961763978752,0 -99.14708649228989,19.47591877324945,0 -99.1463657833731,19.47436842265266,0 -99.14586210633978,19.47313694050236,0 -99.13685765166693,19.47078953827862,0 -99.13409221271101,19.47420106058166,0 -99.13334629957593,19.47504722519596,0 -99.12240662779584,19.47137392762004,0 -99.1215103253565,19.47320706608354,0 -99.11014919497644,19.46907750668023,0 -99.1078037110948,19.47372786153966,0 -99.09533195490121,19.46733610882481,0 -99.09172973869879,19.47650593105776,0 -99.10150955981328,19.48049115926893,0 -99.10630002371849,19.48249319392917,0 -99.10757805052822,19.48296906023613,0 
							</coordinates>
						</LinearRing>
					</outerBoundaryIs>
				</Polygon>
			</Placemark>
			<Placemark>
				<name>Patera</name>
				<styleUrl>#basilica</styleUrl>
				<Polygon>
					<tessellate>1</tessellate>
					<outerBoundaryIs>
						<LinearRing>
							<coordinates>
								-99.16335323055148,19.49975745504773,0 -99.15585986521292,19.4983593583955,0 -99.15293210780305,19.50132681229887,0 -99.14988526579995,19.50011464072946,0 -99.14858927881221,19.49965851705535,0 -99.14793122896445,19.49944298287115,0 -99.14032062427002,19.49611704046045,0 -99.13295373429125,19.49446475916128,0 -99.1320454000999,19.49912514815775,0 -99.1312030697169,19.50291317424157,0 -99.13327594931056,19.50331844076156,0 -99.14022315013402,19.51016985886411,0 -99.14027028528596,19.51074225106079,0 -99.14028178720086,19.51144490468993,0 -99.14027368117839,19.51181016593916,0 -99.14084746408138,19.51242153334505,0 -99.14158067403685,19.51325733084209,0 -99.14207945656935,19.51398542289439,0 -99.14235848031554,19.51443755375492,0 -99.14277790076405,19.5151228924974,0 -99.14322838008786,19.51586626678159,0 -99.14341916118397,19.5162348150386,0 -99.14344943598879,19.51645082229444,0 -99.14340432237896,19.51667803789702,0 -99.1427659116832,19.51862971222342,0 -99.14273891339204,19.51882928487346,0 -99.14260150203314,19.52110031116619,0 -99.14349156092899,19.52328116108133,0 -99.14485858315327,19.52442696241088,0 -99.1483986391909,19.52745273153234,0 -99.1512943256335,19.5294903466443,0 -99.15205620123075,19.52995302924094,0 -99.15272535285112,19.53003906819367,0 -99.1533436027496,19.530104907814,0 -99.15718826136907,19.53031397083137,0 -99.15834538034945,19.52888630885184,0 -99.16288049659063,19.53075865558644,0 -99.16373095324151,19.53057443430668,0 -99.1644622638493,19.52856586661539,0 -99.16364879908888,19.52262952638953,0 -99.16517753953285,19.52216880467277,0 -99.16313922824915,19.51785696844295,0 -99.16984221288335,19.52191289769365,0 -99.17113546418676,19.51949597659998,0 -99.1727386374952,19.51619649662359,0 -99.1737263728871,19.51460236836885,0 -99.1750293385407,19.51380571526299,0 -99.1764641141629,19.51282851268373,0 -99.17578531749061,19.50782969759133,0 -99.17303542308817,19.50020144840262,0 -99.16684887138057,19.48566962406206,0 -99.16335323055148,19.49975745504773,0 
							</coordinates>
						</LinearRing>
					</outerBoundaryIs>
				</Polygon>
			</Placemark>
			<Placemark>
				<name>Guadalupe</name>
				<styleUrl>#basilica</styleUrl>
				<Polygon>
					<tessellate>1</tessellate>
					<outerBoundaryIs>
						<LinearRing>
							<coordinates>
								-99.12078643870299,19.49264758538568,0 -99.11975596068031,19.49157837220954,0 -99.11712653505229,19.48893424866374,0 -99.115274305189,19.48828069551304,0 -99.1133287099024,19.48761196218988,0 -99.11273848546367,19.48740711724675,0 -99.1136789265563,19.4844412491452,0 -99.1135774806536,19.48427610840986,0 -99.11341186707955,19.48415804463211,0 -99.10874413072649,19.48321215455067,0 -99.10758656212491,19.48296269250225,0 -99.10626297023516,19.48249246199489,0 -99.10008530636512,19.47991056305163,0 -99.09172979773577,19.47650555810374,0 -99.08868153918272,19.48461120266078,0 -99.10182898904867,19.48995062551802,0 -99.10445920579676,19.48926264927175,0 -99.10514643903093,19.49178073031503,0 -99.10539635076934,19.49172962344076,0 -99.10465994712004,19.49273845698646,0 -99.10407479975764,19.49320579209021,0 -99.10429286250763,19.49375626238789,0 -99.10508259390069,19.49336630852057,0 -99.10476290293931,19.49396925060248,0 -99.10447377885022,19.49408265830968,0 -99.10449181249452,19.49449647426891,0 -99.10215048853212,19.49394845172996,0 -99.10194906357252,19.49434100429075,0 -99.10093805406969,19.49610649106061,0 -99.10278771183626,19.49864413084123,0 -99.1030871465764,19.49864379887286,0 -99.10295071469709,19.49929080431266,0 -99.1021524959209,19.49951514753378,0 -99.10149235925351,19.50042148215837,0 -99.10123055212871,19.50058642811898,0 -99.10075780749831,19.50168619818738,0 -99.10143258319366,19.50252048216415,0 -99.10172059839712,19.5033669561978,0 -99.10181177940343,19.50487393246122,0 -99.10112125268962,19.50542854638525,0 -99.10066934652289,19.50585901349679,0 -99.10033548691277,19.50609398659353,0 -99.09908602776493,19.50769406660367,0 -99.09962206505151,19.50863220968633,0 -99.10103075094209,19.51132888087473,0 -99.10195803931467,19.51119391227326,0 -99.1028030140625,19.51247857295256,0 -99.10498387232678,19.51344729403055,0 -99.10554243914218,19.51364668960275,0 -99.10591256036865,19.51381834172529,0 -99.1070505225111,19.514660793191,0 -99.10786492485281,19.51510977332135,0 -99.10842290424888,19.51570082698873,0 -99.10901188959846,19.51581380801202,0 -99.10939127433898,19.51595518632601,0 -99.1098580990809,19.51649833114692,0 -99.11061283275309,19.51704265277036,0 -99.11279026684356,19.51941121269009,0 -99.11417949101822,19.52032088400685,0 -99.1142465710298,19.51998103500195,0 -99.11478712105941,19.51959913982024,0 -99.11596562013374,19.51882864685189,0 -99.11680131131773,19.51828462730867,0 -99.12084770135417,19.51629306199702,0 -99.12419425893934,19.51889601864214,0 -99.12540248257342,19.51867353380732,0 -99.12632644340817,19.51850569569145,0 -99.12778650832477,19.51821998203781,0 -99.13015764892559,19.51779193825947,0 -99.13172255860388,19.51749379299204,0 -99.13468084827063,19.5175227779212,0 -99.13453509839266,19.5195758910562,0 -99.13489175727011,19.52008326998072,0 -99.13535080078212,19.52032080232862,0 -99.13822399503547,19.52030781705591,0 -99.13911725134054,19.52083341961885,0 -99.13972810243528,19.52128292453232,0 -99.1407016962699,19.52171027705141,0 -99.14033845370626,19.52195359282748,0 -99.1403190919834,19.5224143479286,0 -99.1402918813349,19.52326407567682,0 -99.14037054820896,19.52438356228349,0 -99.14047315734607,19.52532462953974,0 -99.14058555372124,19.52630870873649,0 -99.14069007563064,19.52682219089297,0 -99.14136799474393,19.52779404639766,0 -99.14181542434356,19.52848816461239,0 -99.14216474356577,19.52897626383257,0 -99.14213488292351,19.52986340316312,0 -99.14212114404485,19.53439820514018,0 -99.14206306293667,19.53603120915247,0 -99.14195792460667,19.53640886590134,0 -99.141812299145,19.53664766235183,0 -99.14162378760446,19.53687551230308,0 -99.14159046141774,19.53714048931664,0 -99.14001347961727,19.54130556503811,0 -99.14145681759291,19.54188158092602,0 -99.14206286968614,19.5421587242903,0 -99.14441604901332,19.54311871274166,0 -99.14618766991968,19.54389851118356,0 -99.14714046796071,19.54242006293132,0 -99.15105252712529,19.54474389603014,0 -99.15386826896039,19.54020837923228,0 -99.15314686334958,19.53822359067586,0 -99.15263249338011,19.53699815963296,0 -99.15097151872428,19.53456302494178,0 -99.15122538406219,19.5330744811908,0 -99.15134272331467,19.53192239309767,0 -99.15134890507409,19.53121022168661,0 -99.15133376027912,19.53066590733516,0 -99.15126477819248,19.52948721558202,0 -99.14832634076033,19.52740064023367,0 -99.14676804040369,19.52605922057613,0 -99.14346718848758,19.52318383447203,0 -99.14260662159003,19.521051458418,0 -99.14266339070107,19.52001698692654,0 -99.14276916830003,19.51892827830525,0 -99.14339662866817,19.51667105690132,0 -99.1434347829852,19.51648720380376,0 -99.14342725973405,19.51624779882014,0 -99.14273312312507,19.51505836025067,0 -99.14238218858206,19.51450038839375,0 -99.14159945047946,19.5132734763233,0 -99.14069067891801,19.51225906003259,0 -99.14028049048527,19.51182850327532,0 -99.14026700255988,19.51066336969428,0 -99.14021154646359,19.51016459157654,0 -99.13331376791025,19.50334659549313,0 -99.13120313122467,19.50292504421092,0 -99.12704674951118,19.50206096187294,0 -99.12466387355849,19.49869909009014,0 -99.12078643870299,19.49264758538568,0 
							</coordinates>
						</LinearRing>
					</outerBoundaryIs>
				</Polygon>
			</Placemark>
			<Placemark>
				<name>Vallejo</name>
				<styleUrl>#basilica</styleUrl>
				<Polygon>
					<tessellate>1</tessellate>
					<outerBoundaryIs>
						<LinearRing>
							<coordinates>
								-99.15855831148629,19.54109659844452,0 -99.16217049085731,19.5389872467989,0 -99.16685709762206,19.53729492736356,0 -99.16852986204017,19.53728983858222,0 -99.16850782825945,19.53526500557644,0 -99.1675145080802,19.53285792703328,0 -99.17142133575915,19.53506729967055,0 -99.1740401842583,19.53696045080628,0 -99.17471758818736,19.53376851662178,0 -99.17453305022383,19.53365245978567,0 -99.17498454952172,19.53197147563348,0 -99.17614470689128,19.53204923091064,0 -99.17792854082462,19.53197716807066,0 -99.18347940271239,19.5340983526095,0 -99.18638868885002,19.53435088982828,0 -99.18937568044136,19.5351116457604,0 -99.18920355889297,19.53482605949411,0 -99.1890496205927,19.53450204150546,0 -99.18907537756178,19.53401748224044,0 -99.18931930592063,19.53372127385605,0 -99.1899851341211,19.53324048730244,0 -99.19170229023598,19.53224028222329,0 -99.19313678506077,19.53149150579631,0 -99.19486745060301,19.53074321964598,0 -99.19427454860315,19.52562825974081,0 -99.19675887393655,19.52632504594558,0 -99.19742315026123,19.52456848120711,0 -99.1939499636228,19.52318572049405,0 -99.19252655806206,19.51562686171362,0 -99.1901460985338,19.49616268997181,0 -99.18996184015164,19.49392316037568,0 -99.18940693662574,19.49165331997504,0 -99.18946968763328,19.49038721112965,0 -99.18643879343837,19.48967014732651,0 -99.18622292057418,19.49050362952477,0 -99.18634046273661,19.49090413047126,0 -99.18337758948651,19.49005849137503,0 -99.18147140106724,19.48956635368259,0 -99.1781919197844,19.48995683110101,0 -99.17556779971018,19.49046883949551,0 -99.17355108782645,19.49077994138191,0 -99.17355724756267,19.49093675432827,0 -99.16930352463902,19.49142276098903,0 -99.17155704279851,19.49668397264145,0 -99.17558385003368,19.50730940134001,0 -99.1757817569644,19.50782038978701,0 -99.17647256259407,19.51279786665354,0 -99.17371084185648,19.5146342197937,0 -99.16978394516931,19.52188313206656,0 -99.1632795290099,19.51782383740909,0 -99.16502225314552,19.52224125681329,0 -99.16364870918892,19.52268534556499,0 -99.16446554770017,19.52855342820811,0 -99.16372774746667,19.53057349403639,0 -99.16287759778251,19.53075877478417,0 -99.15834356102725,19.5288829947637,0 -99.15720960159928,19.53030524553281,0 -99.15603036747449,19.5302397706599,0 -99.15352678975005,19.53010276837182,0 -99.15298569998204,19.5300645969776,0 -99.15206827227192,19.52996231003504,0 -99.15177424417091,19.52976466798201,0 -99.15127768725297,19.529491341119,0 -99.15138558579413,19.53197277766604,0 -99.15098276958584,19.5346240320561,0 -99.1526323866633,19.53701267980184,0 -99.15347826924761,19.53913345895748,0 -99.15386853353482,19.5402189269172,0 -99.15537392311003,19.54123521981389,0 -99.15739714192593,19.54241229529471,0 -99.15855831148629,19.54109659844452,0 
							</coordinates>
						</LinearRing>
					</outerBoundaryIs>
				</Polygon>
			</Placemark>
			<Placemark>
				<name>RIO DE LOS REM</name>
				<styleUrl>#basilica</styleUrl>
				<Polygon>
					<tessellate>1</tessellate>
					<outerBoundaryIs>
						<LinearRing>
							<coordinates>
								-99.11441161059955,19.51986301355427,0 -99.11425596645245,19.51997798250367,0 -99.11419155443791,19.52030739347083,0 -99.11285067592097,19.51942326200457,0 -99.11144410001964,19.51794166001168,0 -99.11067636055303,19.51708945897034,0 -99.10988652952724,19.51651807037515,0 -99.10946460321122,19.51601493499026,0 -99.1092612325848,19.51587556401243,0 -99.10843507507889,19.51569904424891,0 -99.10592883666571,19.51379685765426,0 -99.10280661028516,19.51248304909368,0 -99.10058648433967,19.51588024695897,0 -99.09896332758022,19.51823257810326,0 -99.09798260942675,19.5194318887336,0 -99.09902644771917,19.52050493351856,0 -99.09936309874962,19.52273593131532,0 -99.09919148932805,19.52315692048464,0 -99.09937097465779,19.52391558552762,0 -99.09946572990806,19.52499201315646,0 -99.09996302575134,19.52674212346125,0 -99.10087137713329,19.52866907055663,0 -99.10186454254493,19.53046031643014,0 -99.10310984598168,19.5322066670791,0 -99.10497770387627,19.53426098863535,0 -99.10664411056531,19.53604166343841,0 -99.10618025701386,19.53695812184932,0 -99.10690546236313,19.53742702408178,0 -99.10285399809545,19.54513996369852,0 -99.10291781301159,19.54660512847088,0 -99.10848018115536,19.54824140637986,0 -99.1123852198167,19.55306480297568,0 -99.11976388594023,19.55248480028289,0 -99.1179092400786,19.5583425242488,0 -99.11914460105255,19.55773889253963,0 -99.1217258693037,19.55821885381384,0 -99.12259840679231,19.55776922397102,0 -99.12296765482893,19.55754414471275,0 -99.12357114966922,19.5576232910035,0 -99.12384959913784,19.55708921783882,0 -99.12464509916231,19.55747424435,0 -99.12520895357714,19.55737706767995,0 -99.12534923938851,19.55671208492099,0 -99.12667412945265,19.55718013658176,0 -99.13094584065571,19.55907275865614,0 -99.13203192113812,19.55972879524843,0 -99.13454158986808,19.56080045305099,0 -99.13473270834726,19.56025474676757,0 -99.13483895804231,19.55991729831447,0 -99.13484959567813,19.55976311902422,0 -99.13500835572944,19.55955901295238,0 -99.13485853735496,19.55931447061629,0 -99.13540132287443,19.55914046189788,0 -99.13528582988026,19.55892170065082,0 -99.13488371118648,19.55861769557921,0 -99.13506836417098,19.55821397441231,0 -99.13551186837221,19.55820437036502,0 -99.13561129130385,19.55791826746301,0 -99.13602908971906,19.55773095034571,0 -99.13624384457621,19.55740404148145,0 -99.13634987176725,19.55718091399671,0 -99.13730056337573,19.55535790495927,0 -99.1373123840914,19.55518512831137,0 -99.13660074855834,19.55485443224267,0 -99.13670554895911,19.55475694689368,0 -99.13737482898638,19.55499421235042,0 -99.13782571871688,19.5540620628318,0 -99.13748776537156,19.55380635545496,0 -99.13775239252763,19.5532926279669,0 -99.13817387185962,19.55291672574136,0 -99.13819795002868,19.55253566501023,0 -99.13881660988552,19.55142762936216,0 -99.13921130916131,19.55162788247353,0 -99.13980173277515,19.55066339025309,0 -99.13888256372475,19.5502282544782,0 -99.13930245622173,19.54943959505734,0 -99.13882277379739,19.5492315859154,0 -99.13924586472606,19.54851033728888,0 -99.14125132900664,19.54929308208162,0 -99.1414407389649,19.54903500118562,0 -99.14101367653647,19.54881017334707,0 -99.14133375197869,19.54840571087552,0 -99.14196451767934,19.54739343863181,0 -99.14306032087298,19.54788256088702,0 -99.14325331276265,19.54775746116532,0 -99.14360607411628,19.54735347602883,0 -99.14368622083255,19.54739688700611,0 -99.14354324345778,19.54765554688567,0 -99.14950088125903,19.55131927962894,0 -99.15309495453553,19.54583084604053,0 -99.15098280789528,19.54466978916364,0 -99.14718277161845,19.54246125898814,0 -99.1462215421174,19.54384115251459,0 -99.14007934690422,19.54126557114537,0 -99.14158409907574,19.53713266209896,0 -99.14161555256955,19.5368891886229,0 -99.14197265907298,19.53637833196081,0 -99.14205510308742,19.53607275873263,0 -99.14212859827629,19.53469347457897,0 -99.14216362479945,19.52897063548332,0 -99.14060701485448,19.52661568801125,0 -99.1403804609168,19.52429382129136,0 -99.14035141417155,19.52297922801326,0 -99.14037142739531,19.52196352249408,0 -99.14066153330484,19.52169539913712,0 -99.13969181676386,19.52125134826139,0 -99.13917083976881,19.52087607985923,0 -99.13819547142386,19.52029608688638,0 -99.1353526286869,19.52031455830865,0 -99.13489603420732,19.52008281821229,0 -99.13455317940563,19.51959830666306,0 -99.13458454366915,19.51923146394028,0 -99.13466798242074,19.51756612009175,0 -99.13129469866836,19.51756106235677,0 -99.12419289489358,19.51889944003635,0 -99.1208478013684,19.51629143154644,0 -99.1191068381488,19.5171520780374,0 -99.11681102093949,19.51828584967877,0 -99.11441161059955,19.51986301355427,0 
							</coordinates>
						</LinearRing>
					</outerBoundaryIs>
				</Polygon>
			</Placemark>
		</Folder>
		<Folder>
			<name>ZONA ECATEPEC</name>
			<Placemark>
				<name>Valle de México</name>
				<styleUrl>#ecatepec</styleUrl>
				<Polygon>
					<tessellate>1</tessellate>
					<outerBoundaryIs>
						<LinearRing>
							<coordinates>
								-98.97682467122502,19.63973620125861,0 -98.97664220349741,19.64064658007354,0 -98.97653084957729,19.64098530216606,0 -98.9788911740938,19.64142544659064,0 -98.98331615074294,19.64513763871625,0 -98.98409903062135,19.64687354951479,0 -98.98308684894417,19.64931196655376,0 -98.98492881770157,19.64987947160572,0 -98.98801374908834,19.64965105709792,0 -98.98975658651865,19.64729215555235,0 -98.99075965413292,19.64700871804665,0 -98.99377302776668,19.64743699223086,0 -98.99491179883269,19.64329293807274,0 -98.99019787512141,19.64188102736909,0 -98.98913896782594,19.64325469068318,0 -98.98816135163166,19.64277054019989,0 -98.98879760488146,19.64154672372914,0 -98.9857865714244,19.64043478295129,0 -98.98687070900655,19.63904382435582,0 -98.98695963821896,19.6377691520211,0 -98.98512354282897,19.63657580464169,0 -98.98573140345002,19.63513291667987,0 -98.98761889351944,19.63525890602364,0 -98.99104943192791,19.62836275974369,0 -98.99270991350835,19.62843160306175,0 -99.00610836696546,19.62942593684231,0 -99.00889879152882,19.62756078108548,0 -99.01215354011681,19.62520446041215,0 -99.02083147494378,19.61930779820563,0 -99.02235507516876,19.61576579798229,0 -99.02075723356043,19.61570708413536,0 -99.00935449532852,19.61298560241517,0 -99.00732844336711,19.61319428101198,0 -99.0117031815649,19.60650269964065,0 -99.01456315492906,19.60302555694914,0 -99.01474652876033,19.60442375327006,0 -99.01936157066956,19.60018333988777,0 -99.02797665309359,19.58825739733918,0 -99.02611593438046,19.58327289593451,0 -99.02352250071016,19.57939495255243,0 -99.01845061596674,19.57204181408825,0 -99.0128102227465,19.56456538588484,0 -99.01255206140756,19.55719999404527,0 -99.00814660005231,19.55513993710348,0 -99.00112160310275,19.55442261131609,0 -98.99518315276846,19.55599219008728,0 -98.98858540336336,19.56051421894914,0 -98.98629693664326,19.56549748760849,0 -98.98574561213236,19.57029007294454,0 -98.98655819290225,19.57598381882017,0 -98.9913690181417,19.58102423852801,0 -98.99565470747785,19.58344147762797,0 -98.99873204162778,19.58427066423829,0 -98.99730500222313,19.58647503811063,0 -98.98811080196703,19.58451828343241,0 -98.98468035021837,19.59375447230715,0 -98.97945604535559,19.60776024402312,0 -98.97836955444127,19.60820078353244,0 -98.97758931999857,19.60892177506847,0 -98.97710172236759,19.61106269178629,0 -98.97594827015001,19.61603667898315,0 -98.97449682168347,19.61572780915203,0 -98.97352181388206,19.62159631391688,0 -98.98067529132163,19.62197369174685,0 -98.97956472058918,19.62649864936914,0 -98.97896538698144,19.62904870884599,0 -98.97904739650839,19.63234593944919,0 -98.9772301880834,19.63849716001782,0 -98.97486477103186,19.6381169359966,0 -98.97460077085739,19.63941231816173,0 -98.97682467122502,19.63973620125861,0 
							</coordinates>
						</LinearRing>
					</outerBoundaryIs>
				</Polygon>
			</Placemark>
			<Placemark>
				<name>Tecamac</name>
				<styleUrl>#ecatepec</styleUrl>
				<Polygon>
					<tessellate>1</tessellate>
					<outerBoundaryIs>
						<LinearRing>
							<coordinates>
								-98.93757230551815,19.69262688443546,0 -98.93750242970515,19.69654137706734,0 -98.92562989545725,19.69244076068615,0 -98.92534462224626,19.69323515748637,0 -98.92129292539805,19.69250322869746,0 -98.92085849430511,19.69528396937267,0 -98.92009096720841,19.70854997944039,0 -98.93462544426907,19.73887375338409,0 -98.92489259280354,19.74443775723577,0 -98.92611913876038,19.74865458734292,0 -98.92682612465595,19.75429602575809,0 -98.92257697155702,19.76743749086422,0 -98.91683078121513,19.77227419316285,0 -98.91805419525372,19.77435101103299,0 -98.91769721389434,19.77606981206413,0 -98.9183179713568,19.77744191684263,0 -98.91771400155726,19.77812321644859,0 -98.91624098534594,19.77686375237252,0 -98.91453438889202,19.77950177584401,0 -98.91220322190011,19.77939224846046,0 -98.91195514812345,19.78077476499553,0 -98.90876002460729,19.78066816346267,0 -98.88489341975307,19.79669785374158,0 -98.87749362501394,19.7967434649104,0 -98.87784960536838,19.80862183462562,0 -98.88524867534954,19.80999492033514,0 -98.90292014010072,19.81184436888949,0 -98.90466681255393,19.81559748679225,0 -98.91755623729017,19.81973235576195,0 -98.92376515939699,19.81544102117834,0 -98.92303133869822,19.80604705852169,0 -98.92605749296479,19.79668177365776,0 -98.93466801555839,19.79391251390836,0 -98.94763660935619,19.78177248392861,0 -98.95193590495242,19.78574978303936,0 -98.95558988863263,19.77833186634792,0 -98.95629994053765,19.7759958524374,0 -98.95512467597698,19.7732154052369,0 -98.95762161805975,19.76432705474857,0 -98.95972373732867,19.76064187111463,0 -98.96028788239278,19.76067317166045,0 -98.96043627310188,19.76047743827599,0 -98.96708228806803,19.76271939453326,0 -98.96780594805766,19.7627811546085,0 -98.97337659752186,19.76488826458526,0 -98.97374491488829,19.75900213035759,0 -98.97330249765427,19.75473795058543,0 -98.97487634594053,19.75494494543009,0 -98.97566475318298,19.75832642091081,0 -99.00609487609445,19.7674875300015,0 -99.03316221108587,19.7452723613429,0 -99.05517146639785,19.72599529558304,0 -99.08374515537929,19.70127363054566,0 -99.06769277194809,19.67093959444155,0 -99.03773042699898,19.669302749934,0 -99.03133653877222,19.66874521924607,0 -99.03203694761262,19.6669886533673,0 -99.02769367917215,19.66575263232549,0 -99.0219217759155,19.66533314467478,0 -99.0212723235644,19.66729184554606,0 -99.01818790991418,19.66726712619565,0 -99.01162755531281,19.66379654612821,0 -99.01169724354624,19.65609541608503,0 -99.00940217036396,19.65338151148883,0 -99.00711231696778,19.65053568232817,0 -99.00432225560078,19.65179430762121,0 -99.00157477694357,19.65128942470804,0 -98.99625179747989,19.65062482933422,0 -98.99217390714868,19.65005610366719,0 -98.98914543015809,19.64960324641372,0 -98.98485961482194,19.6498966375497,0 -98.9830250372184,19.64937737658246,0 -98.97733486151985,19.65252478683306,0 -98.97600835817506,19.65418310318499,0 -98.96758088185487,19.66750036492743,0 -98.96609824110821,19.66706693348289,0 -98.96580587831997,19.66724109223596,0 -98.96543144338276,19.66781773588147,0 -98.96497918651676,19.66761426747103,0 -98.96492771197603,19.66723664205555,0 -98.96431647945916,19.66688148782542,0 -98.96402556129837,19.66657898975084,0 -98.96349574802316,19.66630077606126,0 -98.96238311414841,19.6660200206025,0 -98.96200153468899,19.66694340333399,0 -98.96046237185736,19.66633340433101,0 -98.95933846415772,19.66637657679491,0 -98.95864378596333,19.6682833813834,0 -98.95785777090859,19.66718156145453,0 -98.95750297754827,19.66711959064682,0 -98.95734672071129,19.66728433393471,0 -98.9572703972206,19.66674749168422,0 -98.95624001237454,19.66630977057864,0 -98.95568669627926,19.66594942224243,0 -98.95513166807979,19.66553279919672,0 -98.95441954981433,19.66500750910871,0 -98.95431541553725,19.6649558164329,0 -98.95376003945725,19.66481327616254,0 -98.95347787951768,19.66471234660925,0 -98.95311178992338,19.66453409260964,0 -98.95284402333462,19.66440042182669,0 -98.95306066933925,19.66493478174025,0 -98.95312393276492,19.66518870436907,0 -98.95307728048707,19.66538623304752,0 -98.95236375470405,19.66695358774056,0 -98.9516030778458,19.66625863968788,0 -98.95066995743458,19.66875545944089,0 -98.95174391316991,19.66926922415076,0 -98.95134673493079,19.67029390556161,0 -98.95230889392806,19.67065731889916,0 -98.95206837556962,19.67133779702644,0 -98.95238885583153,19.6715882228067,0 -98.95218878316865,19.67460590522947,0 -98.95003025848284,19.67609905296482,0 -98.94889643373075,19.67661161768685,0 -98.93757230551815,19.69262688443546,0 
							</coordinates>
						</LinearRing>
					</outerBoundaryIs>
				</Polygon>
			</Placemark>
			<Placemark>
				<name>TKM_SE</name>
				<styleUrl>#ecatepec</styleUrl>
				<Polygon>
					<tessellate>1</tessellate>
					<outerBoundaryIs>
						<LinearRing>
							<coordinates>
								-99.04107607619956,19.61437611884428,0 -99.03234509275008,19.61478511656955,0 -99.03247014100796,19.61066956859701,0 -99.0317486698989,19.60945504611539,0 -99.03052066424092,19.60647190003667,0 -99.02975172073877,19.60545570454956,0 -99.02866120142153,19.60399976270706,0 -99.02804004369877,19.60327859029358,0 -99.0187668274329,19.60968002863033,0 -99.01474493077649,19.60449870948158,0 -99.01455433026145,19.60300275564393,0 -99.01226733551711,19.6058036668182,0 -99.01108871839016,19.60757549127015,0 -99.00722731512474,19.61323856085211,0 -99.00914604085214,19.61303360585528,0 -99.02074518687431,19.61573636557849,0 -99.02254708275417,19.61577045810031,0 -99.02073178284152,19.61937498096286,0 -99.01550275411736,19.62303553586932,0 -99.00592857528243,19.62942510052411,0 -98.99089364347162,19.62827463566925,0 -98.98761916714029,19.6353129977477,0 -98.98579847764533,19.63523636586952,0 -98.9852052551049,19.63668262779702,0 -98.98708124986344,19.63772685662073,0 -98.9869525471963,19.63895076791761,0 -98.98568263350073,19.64042907972146,0 -98.98888386049695,19.64163233523255,0 -98.98832998441156,19.64282016872278,0 -98.98924557986452,19.64334403568203,0 -98.99014626208609,19.64186966484035,0 -98.99493525468894,19.64324265322703,0 -98.99377236277969,19.64749796290456,0 -98.99073534243759,19.64700922836959,0 -98.98980670147138,19.64732654483477,0 -98.98807721338264,19.64964004440144,0 -99.00426583340992,19.65162213781377,0 -99.00722529951929,19.65066964312378,0 -99.01158658851446,19.65610778042358,0 -99.01151687203439,19.66360916227173,0 -99.01887360922665,19.66753372803902,0 -99.01915948829327,19.66704251254279,0 -99.02115181454211,19.66713597970067,0 -99.02196135571154,19.66504072288361,0 -99.0277094655556,19.66558923184169,0 -99.031989033844,19.66694237400981,0 -99.03141141835974,19.66868454372474,0 -99.06796151744112,19.67094088905092,0 -99.05197964816929,19.63639397564139,0 -99.04107607619956,19.61437611884428,0 
							</coordinates>
						</LinearRing>
					</outerBoundaryIs>
				</Polygon>
			</Placemark>
			<Placemark>
				<name>ACOLMAN</name>
				<styleUrl>#ecatepec</styleUrl>
				<Polygon>
					<tessellate>1</tessellate>
					<outerBoundaryIs>
						<LinearRing>
							<coordinates>
								-98.9769273815988,19.6527450019781,0 -98.97878800634844,19.65164500798813,0 -98.9823009178846,19.64974448668994,0 -98.98309842984389,19.6494103738309,0 -98.98396126684986,19.6467203242116,0 -98.98322661243256,19.64513327330248,0 -98.97889461056675,19.64138970167444,0 -98.97650877533721,19.64100687196738,0 -98.97685776101875,19.63973137986584,0 -98.9745623793534,19.63940200170742,0 -98.97489757580108,19.63807019837368,0 -98.97722029627829,19.63846023633047,0 -98.97853743953962,19.63395749053584,0 -98.97903676470519,19.63234864209393,0 -98.97888973354529,19.62887985298222,0 -98.98057580192285,19.62210697688889,0 -98.97351042798145,19.6214221036008,0 -98.97445861373438,19.61570306497663,0 -98.97594218844692,19.61597310683078,0 -98.97758422218051,19.60896307371343,0 -98.97838933670123,19.60809534063519,0 -98.97953529262034,19.60775678778719,0 -98.98792468430875,19.58451356585431,0 -98.99724764834994,19.58645938888199,0 -98.99883960843982,19.58436361784644,0 -98.99595231787205,19.58341822148194,0 -98.9942098399339,19.58282276575667,0 -98.99163583019305,19.58131921155787,0 -98.9883490102073,19.57791919197309,0 -98.98642870736305,19.57575824386053,0 -98.9856304117355,19.57126708201708,0 -98.98618477855879,19.56619250066547,0 -98.98849692091149,19.5603806722343,0 -98.99231981716036,19.55771282622746,0 -98.98431986424917,19.54985047543704,0 -98.96656720914952,19.52751284573361,0 -98.96142974502226,19.53043895667969,0 -98.95692155568597,19.54293179969604,0 -98.94679526403471,19.5572216475227,0 -98.92947970222217,19.56945839946137,0 -98.92377380220204,19.57438822983211,0 -98.91591826264191,19.58005117395895,0 -98.90954826962313,19.58468904149492,0 -98.90939486811068,19.58628992771815,0 -98.90602522161451,19.58715613156952,0 -98.90319606922779,19.58700923883928,0 -98.90331856925633,19.585911976133,0 -98.90243962206044,19.58573157272509,0 -98.90214931330716,19.57685085877645,0 -98.90082055658999,19.57612710270219,0 -98.90120188684347,19.57474067364496,0 -98.89059811918234,19.57228654148472,0 -98.88923380537466,19.58317332157172,0 -98.88883772712084,19.58395344543394,0 -98.88833968285034,19.58394513912899,0 -98.8875117273728,19.58377409299609,0 -98.88674064685682,19.58349921711636,0 -98.88656230264462,19.58412472104857,0 -98.88830880418055,19.58551620310603,0 -98.89187787528033,19.59086779840879,0 -98.89198241247774,19.59123616110912,0 -98.89030869088907,19.59162618559401,0 -98.8869892706338,19.59167014896793,0 -98.88689975783824,19.59214278623396,0 -98.88465902965825,19.59196159259346,0 -98.88390284464542,19.5921109169664,0 -98.8830751124402,19.59173573041906,0 -98.88113675552252,19.59215325043215,0 -98.87938296179267,19.59219418838242,0 -98.87784034757505,19.59240060836572,0 -98.87724038335288,19.5990447054943,0 -98.87452086623209,19.60652501508465,0 -98.86050016166894,19.60004780240334,0 -98.85116628786899,19.65868496430063,0 -98.86489572078007,19.66162321673804,0 -98.87924774676767,19.6594761899884,0 -98.87971785210769,19.66735706462263,0 -98.88012766208264,19.67394195407197,0 -98.88125525590669,19.6748035124835,0 -98.88052116220929,19.67910503576356,0 -98.88151807521824,19.68008384308202,0 -98.88076381213351,19.68497778757926,0 -98.8784854081828,19.68958927194932,0 -98.87814457428158,19.69266515812808,0 -98.87876764708719,19.69764305275394,0 -98.87845338694653,19.70012821168406,0 -98.8803233861972,19.70085609940042,0 -98.92035337869335,19.70342569362648,0 -98.92075070061966,19.6912384426667,0 -98.93682971422771,19.69640552766377,0 -98.93723040541836,19.69266733346363,0 -98.94885616911817,19.67661266943478,0 -98.95047848255146,19.67572979505551,0 -98.9521257936901,19.67460171537299,0 -98.95239317945538,19.67152655053453,0 -98.9520617174488,19.6713314480041,0 -98.95226996772847,19.67065795953439,0 -98.9513257903029,19.67028856149276,0 -98.9517159198921,19.66925534664246,0 -98.9506434702167,19.66876263052521,0 -98.95160699169048,19.66621811098634,0 -98.95229129711926,19.66685735634851,0 -98.95312770173641,19.66531962970566,0 -98.95292469266786,19.66436714584784,0 -98.9535133621892,19.66479759325702,0 -98.95434455177636,19.66493572457581,0 -98.95613201614773,19.66629228404945,0 -98.95665689319186,19.66652064940917,0 -98.95726299253188,19.66674644382958,0 -98.95733126097412,19.66728207242873,0 -98.95751036689707,19.66712626315448,0 -98.95786776296491,19.6671673024022,0 -98.95856494375984,19.66822380658405,0 -98.95869525562462,19.66823208303742,0 -98.95929439528257,19.66627638222931,0 -98.96052322468256,19.66638300244566,0 -98.96202711842834,19.66684204623432,0 -98.96237279480962,19.66592153798954,0 -98.9635329338759,19.66626187178988,0 -98.9638584319802,19.66647079612071,0 -98.96413901750358,19.66659086451345,0 -98.96429176502214,19.66684406859105,0 -98.96494869213001,19.66716021859869,0 -98.96496055304821,19.66739883729521,0 -98.96505201933296,19.66763822561142,0 -98.96546269577051,19.66780457650737,0 -98.96580430733552,19.6672540929424,0 -98.96596592130579,19.66713122138391,0 -98.96606119062284,19.66719607119289,0 -98.96628797749069,19.66714526938821,0 -98.96645847559635,19.66719079624705,0 -98.96660815259327,19.66723621282453,0 -98.96748301622227,19.66749629339245,0 -98.9769273815988,19.6527450019781,0 
							</coordinates>
						</LinearRing>
					</outerBoundaryIs>
				</Polygon>
			</Placemark>
			<Placemark>
				<name>TTH_SE</name>
				<styleUrl>#ecatepec</styleUrl>
				<Polygon>
					<tessellate>1</tessellate>
					<outerBoundaryIs>
						<LinearRing>
							<coordinates>
								-98.88073612482115,19.67374424287778,0 -98.87905199670547,19.65959397696162,0 -98.86498993085608,19.66147993256539,0 -98.85104955675882,19.65838113902446,0 -98.86020290838027,19.59954620293656,0 -98.85043803525494,19.60247325363533,0 -98.84741785543996,19.60518665316344,0 -98.83335936077518,19.60254186529233,0 -98.81301137192658,19.59167056494439,0 -98.80704226179589,19.59012517203633,0 -98.77624366769226,19.59116601788586,0 -98.72045887529859,19.58004082647198,0 -98.7254048589419,19.58994115801427,0 -98.71985984331977,19.59048814108812,0 -98.70566885184306,19.58344792726113,0 -98.692883846366,19.58446939111506,0 -98.67265868298134,19.58947822696692,0 -98.6731863111914,19.59785018628515,0 -98.66453377679792,19.59548703552471,0 -98.64407134442904,19.60675318278937,0 -98.6612273997129,19.618634366581,0 -98.66369342735369,19.63978138735805,0 -98.67283087040929,19.65459404286058,0 -98.63774081735815,19.70310503578907,0 -98.63580664850213,19.71561566101129,0 -98.5976245038662,19.75458172237681,0 -98.60101643579739,19.77200618055406,0 -98.64593706607505,19.81585531021845,0 -98.68120133214723,19.82121770363042,0 -98.6945772455036,19.82656824556894,0 -98.69344260638113,19.82868535071085,0 -98.67051333191392,19.85971359173066,0 -98.69104793712042,19.87207966659922,0 -98.71407344478843,19.85945664863008,0 -98.72924597206207,19.86739828641908,0 -98.77309505686404,19.87165454852362,0 -98.78713591165199,19.86061811124923,0 -98.82592777701716,19.86702578829111,0 -98.85644622049871,19.81426994393432,0 -98.87765794406894,19.79663940520293,0 -98.88499306518068,19.79678223864693,0 -98.90841931623144,19.7801127864304,0 -98.9117592841999,19.7813391297551,0 -98.91256014266125,19.77944167806243,0 -98.91399455778705,19.77999343544483,0 -98.9147940754002,19.77836808532267,0 -98.91619432604152,19.77705854708698,0 -98.9181803352438,19.7784603856855,0 -98.91865013543044,19.77778442944596,0 -98.91741310456888,19.77626498301594,0 -98.91835092219401,19.77506265428597,0 -98.91654035022978,19.77287247118404,0 -98.92260506769462,19.76730683201662,0 -98.92645332504324,19.7544553999746,0 -98.9240488140903,19.74442436777014,0 -98.93458974532375,19.73860715514731,0 -98.92001921327184,19.70829481216422,0 -98.92029790095235,19.70344151305324,0 -98.88002595109919,19.70066835581335,0 -98.87835568893159,19.69990623881261,0 -98.87828722301194,19.68967999302125,0 -98.88044511091289,19.6857252704217,0 -98.88141449505548,19.67988194479538,0 -98.88047566656651,19.67970889156863,0 -98.88164238507923,19.67480178644936,0 -98.88073612482115,19.67374424287778,0 
							</coordinates>
						</LinearRing>
					</outerBoundaryIs>
				</Polygon>
			</Placemark>
			<Placemark>
				<name>Ecatepec</name>
				<styleUrl>#ecatepec</styleUrl>
				<Polygon>
					<tessellate>1</tessellate>
					<outerBoundaryIs>
						<LinearRing>
							<coordinates>
								-99.09470381911501,19.63228059488441,0 -99.09493222233033,19.63143163584032,0 -99.09540514532895,19.62986827687883,0 -99.09495885954729,19.62915293920798,0 -99.09571151104537,19.62661184561847,0 -99.09641444894859,19.62654549124447,0 -99.09675169403961,19.62579812694352,0 -99.09712149355019,19.62440357602133,0 -99.09883652118151,19.6247929288914,0 -99.09862001056858,19.6259696769154,0 -99.09925740229322,19.62623767487424,0 -99.09921844181717,19.62515666759146,0 -99.09983441710457,19.6244121621096,0 -99.10054873370134,19.62438044438018,0 -99.10045047643746,19.62311662341188,0 -99.10036722910309,19.62213214276082,0 -99.10003732506152,19.62109606450582,0 -99.09991252829005,19.61981082702532,0 -99.09946736352519,19.61944342533884,0 -99.09839417144813,19.61972040657001,0 -99.0982001232267,19.61920260831081,0 -99.09819667367915,19.61815912950229,0 -99.09790102276334,19.61808487602763,0 -99.09868921684456,19.6167128689817,0 -99.09885805209359,19.61636390857974,0 -99.10057373285719,19.61564834945661,0 -99.10193001271783,19.61522366087717,0 -99.10022183241658,19.6034218092114,0 -99.10681936512877,19.59311896818211,0 -99.10970162093372,19.58819791526454,0 -99.11057778644326,19.58654626547636,0 -99.11071513983228,19.58635338992543,0 -99.10861242751447,19.58471138186929,0 -99.09566169367405,19.57615260821611,0 -99.0878901984988,19.57348357489084,0 -99.08687046808291,19.57707964572396,0 -99.07333643128108,19.58264273737628,0 -99.06304187805323,19.58505323716777,0 -99.05533720462897,19.5881005419738,0 -99.05598676615142,19.58358927235268,0 -99.05337727571451,19.58320992267222,0 -99.05163171837637,19.58273852951755,0 -99.0504407227651,19.58217998758278,0 -99.04997029328121,19.58193274795825,0 -99.04953415083153,19.58242719286417,0 -99.04803319075071,19.58171924330094,0 -99.04782464544313,19.58275506411829,0 -99.0474602023115,19.58312695377741,0 -99.04711217479262,19.58342717279836,0 -99.0469329270331,19.58366253522967,0 -99.04679357171177,19.58392199943323,0 -99.04195952058994,19.58154307883188,0 -99.0421512141068,19.57917851226333,0 -99.04141300669593,19.57895845167102,0 -99.04066328462839,19.57861501463448,0 -99.03256464040891,19.57268495338241,0 -99.03319905101112,19.57160375510888,0 -99.03106592961358,19.57001751435952,0 -99.03030242382977,19.57096074825518,0 -99.01416373438559,19.55953529609516,0 -99.013310434394,19.55760110863727,0 -99.01278183222415,19.55767555573602,0 -99.01269030972033,19.56453465150595,0 -99.02126994647212,19.57614239576139,0 -99.02325844144364,19.57843112145691,0 -99.02389792125467,19.58041251066783,0 -99.02419802546289,19.58011831329322,0 -99.02450443894821,19.58067192102435,0 -99.02487836591679,19.58065517790831,0 -99.02604808591381,19.58331494773545,0 -99.02696678003517,19.58557832970301,0 -99.027997196149,19.58822664825219,0 -99.01945800430218,19.60007870021676,0 -99.01479861352087,19.60442314806156,0 -99.01610082937043,19.60626147174295,0 -99.01877085307042,19.6096103595775,0 -99.02812601215528,19.60324850503866,0 -99.0304770872616,19.60622924530367,0 -99.03184426227007,19.60922145545505,0 -99.03254224640482,19.61079892596396,0 -99.03245124476743,19.61474145614692,0 -99.03801367788294,19.61450374562561,0 -99.04105826043669,19.61439708664716,0 -99.04706831710391,19.62631601017638,0 -99.06303258642706,19.66023742577851,0 -99.06938598615254,19.6589047538075,0 -99.06700783977865,19.65454689718479,0 -99.07019426374706,19.64948729947265,0 -99.07165219051517,19.6466487896738,0 -99.07231462487921,19.64573843605409,0 -99.07331604308212,19.64500819324444,0 -99.07395273058651,19.64491812296303,0 -99.07508650303636,19.64515159022339,0 -99.0765057640731,19.64551389057301,0 -99.07689188505132,19.64019342496338,0 -99.08776768774737,19.64159264773002,0 -99.09039145360337,19.64203501833908,0 -99.09270130809313,19.63281893973197,0 -99.09263475972926,19.63178266781651,0 -99.09391778913658,19.63220339972927,0 -99.09470381911501,19.63228059488441,0 
							</coordinates>
						</LinearRing>
					</outerBoundaryIs>
				</Polygon>
			</Placemark>
		</Folder>
		<Folder>
			<name>ZONA CUAUTITLAN</name>
			<Placemark>
				<name>ZUMPANGO</name>
				<styleUrl>#cuautitlan</styleUrl>
				<Polygon>
					<tessellate>1</tessellate>
					<outerBoundaryIs>
						<LinearRing>
							<coordinates>
								-99.17970573598934,19.79884885604928,0 -99.17587868319872,19.79708855579393,0 -99.16954250076387,19.79162826721053,0 -99.16622007711888,19.78540959075998,0 -99.17024551410451,19.77927696058627,0 -99.17327486898321,19.76818964113873,0 -99.17166923307357,19.76466117356275,0 -99.16268703150348,19.7615423453157,0 -99.16498161502481,19.76021858310606,0 -99.16433994980133,19.75865497067071,0 -99.16574381807715,19.75721297230775,0 -99.16472387676042,19.75324862995263,0 -99.16634253890244,19.75097570889129,0 -99.16565371821959,19.74893993037801,0 -99.16076359750247,19.75003991446635,0 -99.16197245154775,19.74792135859606,0 -99.15847035204025,19.74832910913758,0 -99.1580126040402,19.7500773723224,0 -99.1298887005195,19.75072275267382,0 -99.137998509792,19.73812755305427,0 -99.14779412328996,19.74020480951482,0 -99.14836719112806,19.73733884823439,0 -99.15091792686383,19.72880472340718,0 -99.13900343494603,19.72632293485115,0 -99.13656336940119,19.72637149815777,0 -99.13450559120157,19.72612488901005,0 -99.13255340266683,19.72568661770744,0 -99.12869858464823,19.72538505913588,0 -99.12117537974245,19.72407340827435,0 -99.12161174362032,19.72192864654998,0 -99.1219745760538,19.72059417602777,0 -99.12208525646932,19.72002770541846,0 -99.12222356073931,19.71949684848807,0 -99.12235484585572,19.71891226389787,0 -99.12265811517085,19.71767179354828,0 -99.12296269574996,19.71642797237708,0 -99.12665416852565,19.71681393712176,0 -99.12710863830819,19.71511751066046,0 -99.12732853747218,19.71503147368586,0 -99.12760858816996,19.71377955712334,0 -99.12753142512157,19.71233048035318,0 -99.12661008097587,19.71058355250061,0 -99.12622710867213,19.70897089860699,0 -99.12642087177723,19.70865193287521,0 -99.12665132692125,19.70822865267026,0 -99.12681639728679,19.70790710880753,0 -99.12836666956939,19.70809078035149,0 -99.13056204536467,19.70660269542991,0 -99.13034179592522,19.70605908425431,0 -99.13058381963162,19.70459094203019,0 -99.12925199473689,19.70427336482013,0 -99.12734544773471,19.70357705305447,0 -99.12586310713473,19.7030494859862,0 -99.12515744818315,19.70466123463086,0 -99.12508742578444,19.70493097424123,0 -99.12400862179541,19.70433928426014,0 -99.12359108867628,19.70402904803984,0 -99.12289230083016,19.70371668152642,0 -99.12202664078357,19.70332038772737,0 -99.12148529892663,19.70305737657287,0 -99.12016544919668,19.70200262435618,0 -99.11868520721092,19.70093654797018,0 -99.11739471254764,19.70018503992126,0 -99.11650340834444,19.69975769954052,0 -99.11598553189361,19.69965095006151,0 -99.11647978393651,19.69839292115155,0 -99.11276889475805,19.69744248594107,0 -99.11248153851794,19.69804464411357,0 -99.11232345069661,19.69798815317961,0 -99.11218484521063,19.69800283329786,0 -99.11114960188317,19.69758818585736,0 -99.11068729045951,19.69819674218708,0 -99.11029598216089,19.69842194729653,0 -99.10986759649811,19.69884010885973,0 -99.10871764190989,19.69842994395295,0 -99.10889161663876,19.69780819732569,0 -99.10868810731846,19.69770900135071,0 -99.10820288944362,19.6982433287094,0 -99.10651689807882,19.69750720752455,0 -99.10678884529665,19.69701212951793,0 -99.10627138626714,19.69677476465247,0 -99.10660908533397,19.69597021016667,0 -99.10460751774745,19.69512912902926,0 -99.10514121344232,19.6938338551868,0 -99.10569187015504,19.69358519551257,0 -99.10662208243315,19.68782047155212,0 -99.10025591850754,19.68624477224612,0 -99.09181439379722,19.69374596511128,0 -99.08359452713795,19.7009095047969,0 -99.08384702858906,19.70126755172611,0 -99.08331247256197,19.7016723738252,0 -99.00589464104857,19.76750189854926,0 -98.97580596915876,19.75822544293293,0 -98.97478846730147,19.7550360071011,0 -98.97368875167146,19.75503494154802,0 -98.97330107262964,19.76473698306175,0 -98.96798648778893,19.76276325641212,0 -98.96723275370363,19.76273290573733,0 -98.96052053310704,19.76046210534645,0 -98.96031036171847,19.76068846364613,0 -98.95973068030442,19.76068543639405,0 -98.95758478103842,19.76445067800666,0 -98.95522614557908,19.77310917024303,0 -98.95612999296999,19.77612624066549,0 -98.95217711556811,19.78553959192107,0 -98.94743310319014,19.78202512598159,0 -98.93509667333996,19.7938697262056,0 -98.92588902097499,19.79660347156314,0 -98.92327920248709,19.80629430847757,0 -98.92361083779738,19.81546596914263,0 -98.91737537632685,19.81962115266165,0 -98.90499763123442,19.81560647737283,0 -98.90254106901318,19.81173413446195,0 -98.87785019137777,19.80827774991476,0 -98.8773592630986,19.79706776079912,0 -98.85634715558115,19.81471684046503,0 -98.84638710138927,19.83176351649504,0 -98.8420957200443,19.83146974761131,0 -98.84212469912021,19.83335762891662,0 -98.84206169324976,19.83365255949597,0 -98.8451043763028,19.83377524241504,0 -98.82600852013742,19.86696466376481,0 -98.82471716120043,19.86691935746163,0 -98.82348162157764,19.87008461562396,0 -98.84322216864044,19.88112915337182,0 -98.8415422949406,19.8884831660673,0 -98.85521195894481,19.90232863870314,0 -98.86566292831152,19.8920846362457,0 -98.87813351215063,19.89807257784742,0 -98.88352128648162,19.89923529980325,0 -98.88429789673617,19.89990397121592,0 -98.8856150617125,19.89970051278035,0 -98.88673085126241,19.89704687011832,0 -98.88819533392044,19.89742384341709,0 -98.89156990824193,19.89341652677248,0 -98.89509281481941,19.89480850229898,0 -98.89623293503732,19.89330080984846,0 -98.90021294171345,19.89010025592646,0 -98.90522243146457,19.88429196053261,0 -98.9094094869765,19.87755182078094,0 -98.91035394885388,19.87560128919436,0 -98.91306159176611,19.87236891482035,0 -98.91379164422528,19.8708992305549,0 -98.91269708963884,19.86932515255399,0 -98.91041215916586,19.86810040653386,0 -98.90964363921886,19.86653515662366,0 -98.90938415324587,19.86500652603742,0 -98.90860438514909,19.86492988049283,0 -98.90658819115885,19.86364677409209,0 -98.9045617882021,19.86189244313465,0 -98.90609721656851,19.85978980629552,0 -98.90622965839921,19.85791667182888,0 -98.90455083045431,19.85679025427339,0 -98.90440923890299,19.85574536770739,0 -98.90590696058786,19.84866926941002,0 -98.90433210253133,19.84278150374199,0 -98.91102481111015,19.84279003024113,0 -98.91729687313595,19.8389976062724,0 -98.92233809576872,19.84087626985906,0 -98.92282230387438,19.84236713880599,0 -98.92345862860375,19.84238808905899,0 -98.92664752499101,19.84138318845878,0 -98.92770835702694,19.84124432346233,0 -98.92946705502298,19.83598462352585,0 -98.93526416791111,19.8243361970001,0 -98.94396209932914,19.80552585618327,0 -98.94486526965034,19.80340150166845,0 -98.94666659470981,19.80310454703168,0 -98.94846794120211,19.79901505885331,0 -98.95086945716952,19.79886115415432,0 -98.9540212636626,19.79927194951822,0 -98.95756065957924,19.80144162705622,0 -98.99998456133778,19.82481342925475,0 -99.00417080954344,19.82892840876253,0 -98.99833727568193,19.83226157651987,0 -99.00276226760113,19.84366282265431,0 -99.01617037863548,19.8476057664384,0 -99.02563374233382,19.85058382497791,0 -99.01663865613754,19.86366220720864,0 -99.01206024289063,19.86084906125795,0 -99.01066573581875,19.86215924193536,0 -99.01345164638124,19.86665723154203,0 -98.95192751226865,19.90156337144638,0 -98.95548887067861,19.92734970123979,0 -98.96024822212205,19.92530451852398,0 -98.96524838702582,19.92827036447097,0 -98.96846754087132,19.93327259001631,0 -98.96984551365658,19.93197716796673,0 -98.97304645008718,19.9353084020927,0 -98.98235886853473,19.93829520633293,0 -98.98434864729357,19.94442753483473,0 -98.99622088643675,19.94318017591028,0 -98.99490406158986,19.95654337763189,0 -98.9833542719367,19.95428386694675,0 -98.96280847899713,19.974679160183,0 -98.95551970327377,19.97465713023091,0 -98.95122171662766,19.97371499216035,0 -98.94547145450056,19.9729655383618,0 -98.94346397783485,19.97848985413607,0 -98.94307419170899,19.99933897596608,0 -98.94547638027673,20.0072628938053,0 -98.94635710577029,20.01044165578416,0 -98.94719814158402,20.01549460441298,0 -98.94454228840054,20.02212792349502,0 -98.94777259786449,20.02771311562537,0 -98.95181252256741,20.02997614163145,0 -98.95535052479215,20.02831671716287,0 -98.96145770599993,20.03092285562089,0 -98.95921618087753,20.03345238210641,0 -98.95981627392483,20.03899644016823,0 -98.96483631401482,20.04295774739094,0 -98.9709046572295,20.04578435353724,0 -98.97696084775829,20.05291328601876,0 -98.98575152269443,20.05998173012224,0 -98.98989877044039,20.06561589154291,0 -98.99469237752828,20.06424567244308,0 -98.99927654323832,20.05916440917655,0 -98.9990736690259,20.05397356912199,0 -99.0058239571393,20.05245672426352,0 -99.00920737551023,20.03531878983282,0 -99.0078215835001,20.03308785125965,0 -99.00445260156562,20.03178912618803,0 -99.01159251487339,20.01355843685962,0 -99.01497196450099,19.9921331346504,0 -99.01993289278383,19.98859404325198,0 -99.01041631017752,19.98393289373901,0 -99.01180551963391,19.98206961672932,0 -99.00804478022376,19.97891274948612,0 -99.00420304112697,19.96415890260312,0 -99.02785635573397,19.96389763563837,0 -99.03481169550052,19.97537265279382,0 -99.03794662125979,19.98305024743283,0 -99.03380118962029,19.98675487428833,0 -99.03280161673995,19.99234540478198,0 -99.03180833362399,19.99457979009664,0 -99.03199331399141,19.99905028149017,0 -99.03080741236613,20.0007228593254,0 -99.03216347864397,20.01261373767039,0 -99.03883782876635,20.01167194677076,0 -99.04313589504162,20.01110663096442,0 -99.04854867451566,20.00684458923556,0 -99.04813773838384,19.99628881499794,0 -99.05258402137498,19.98957134574351,0 -99.05817122389209,19.98888652172266,0 -99.05761349746399,19.98646287111198,0 -99.06349326746685,19.97821719599905,0 -99.06724146601677,19.98314522212096,0 -99.067851242327,19.97617051415597,0 -99.06417685460309,19.97033863911581,0 -99.06870066002428,19.92285095119647,0 -99.07454586316953,19.9125317252528,0 -99.07654476702348,19.91177956871418,0 -99.07756112762577,19.90914786445902,0 -99.08176370186848,19.90707842145394,0 -99.08512007845414,19.90316194685532,0 -99.08410744133197,19.90111197153199,0 -99.08271176378258,19.90055132545711,0 -99.08455183563856,19.89543328967067,0 -99.09003048841758,19.90060142597988,0 -99.09039428995011,19.91409330879078,0 -99.09666070044152,19.92054898644026,0 -99.09954850210599,19.91886538843238,0 -99.10466639130912,19.91808561428659,0 -99.11073903537874,19.91991439291269,0 -99.11437618391973,19.92295149802394,0 -99.11508505844424,19.92959226719261,0 -99.12182737157313,19.92905371127747,0 -99.13583902586264,19.92498418440195,0 -99.14169050783866,19.92152135800669,0 -99.14432383183902,19.91307904415193,0 -99.14285500057804,19.90728349622418,0 -99.14636887468851,19.90601438606819,0 -99.14951210870629,19.90710093767826,0 -99.14864250796619,19.90296984610323,0 -99.14892379695311,19.89740440515838,0 -99.15121940935144,19.89245119415146,0 -99.15716842340144,19.89188369175218,0 -99.17051079200841,19.86414011418515,0 -99.18005560886817,19.84103264801227,0 -99.17860765882527,19.84188130235302,0 -99.17680124966935,19.83932070436135,0 -99.17879481908348,19.83771110899346,0 -99.18682496232154,19.83609376298928,0 -99.18840686534226,19.83317800887937,0 -99.18808390916851,19.828629291258,0 -99.19097198242116,19.82466322036937,0 -99.19289901897909,19.82454596864522,0 -99.19508525551103,19.82527281079225,0 -99.19927608990055,19.82769566754702,0 -99.19542569760223,19.82262874822765,0 -99.19568767850778,19.81846793114046,0 -99.1949836551323,19.81297747276652,0 -99.20089886669413,19.81623533801367,0 -99.20379222418022,19.8149668780862,0 -99.20226504191932,19.80844238691479,0 -99.20203224711757,19.80735073702567,0 -99.1996397854701,19.80672930349166,0 -99.19608519854773,19.80295032095275,0 -99.19097274330252,19.80010217439916,0 -99.18966223602149,19.79920910093581,0 -99.1887139838021,19.79797486498388,0 -99.18627264249228,19.7976775120704,0 -99.18025949455551,19.7941049718627,0 -99.17903753591762,19.79525025869847,0 -99.17970573598934,19.79884885604928,0 
							</coordinates>
						</LinearRing>
					</outerBoundaryIs>
				</Polygon>
			</Placemark>
			<Placemark>
				<name>AREA COYOTEPEC</name>
				<styleUrl>#cuautitlan</styleUrl>
				<Polygon>
					<tessellate>1</tessellate>
					<outerBoundaryIs>
						<LinearRing>
							<coordinates>
								-99.25268613415058,19.69240544335099,0 -99.25340934504125,19.6886488375833,0 -99.25248683331156,19.6866956299432,0 -99.2491646275859,19.68440512261557,0 -99.2501689552015,19.68337442153212,0 -99.25505031874965,19.67967558668103,0 -99.25389845998731,19.67740712514335,0 -99.24717402548944,19.67551309952617,0 -99.24518140330225,19.67561853424033,0 -99.23872580707173,19.67448850948128,0 -99.23732078106103,19.67427514771499,0 -99.23599340874001,19.67402873210638,0 -99.230980692028,19.67315711201492,0 -99.23028361402859,19.66993483083835,0 -99.23094443281116,19.66860491277351,0 -99.23402640541119,19.66544152587116,0 -99.23574047187751,19.66552736382284,0 -99.23554620944741,19.66405946822778,0 -99.23720627748384,19.66320998019187,0 -99.23806720836168,19.65954293557408,0 -99.2376323844482,19.65780529623851,0 -99.23654262949391,19.65749249503378,0 -99.23535971558617,19.65793755301936,0 -99.2344158145648,19.65954369701062,0 -99.23199365937195,19.65972575321868,0 -99.23104306249979,19.65914588691186,0 -99.23089857307194,19.65758248861107,0 -99.22785931030289,19.65664773432093,0 -99.22648968967457,19.66080800265328,0 -99.22298167420321,19.66644322967307,0 -99.218610770834,19.66940150219148,0 -99.21613206670803,19.67003238243697,0 -99.20993358938665,19.67076031221464,0 -99.20971618583111,19.6738551184042,0 -99.21151394731677,19.675656164528,0 -99.21221207474257,19.67603472179295,0 -99.21330928622957,19.67660279603439,0 -99.21410465089394,19.67782893680399,0 -99.20887504198534,19.68627875222096,0 -99.20328178365192,19.6856027101165,0 -99.20228155595932,19.68607024074225,0 -99.2033394185431,19.69454478727734,0 -99.19775710571432,19.68916001900153,0 -99.19825299331049,19.69113891741833,0 -99.19834466552054,19.69349290955649,0 -99.19691872538594,19.69848065878058,0 -99.20482194596701,19.70085479692371,0 -99.20482433429105,19.70360543475893,0 -99.20341186131941,19.70505166271005,0 -99.20180344327068,19.70687915442633,0 -99.19838624121689,19.70912721326015,0 -99.19523090087235,19.7145914528923,0 -99.19345633636794,19.71742054838452,0 -99.19073231067533,19.71958260688537,0 -99.1901359496792,19.72242370966657,0 -99.18636318377652,19.72877230232166,0 -99.18510264080123,19.73229957668368,0 -99.18501408577812,19.73353265950625,0 -99.18261136590864,19.73725251655879,0 -99.18119243733967,19.73719631220101,0 -99.17868691006414,19.74204063288309,0 -99.17771059877043,19.74138389671474,0 -99.17628358127996,19.74174936101897,0 -99.17466882966812,19.74313387888767,0 -99.17429864805004,19.74466751376413,0 -99.17401682343726,19.74620383607979,0 -99.17229357281735,19.7484563912297,0 -99.1718980761256,19.75181011082218,0 -99.16779222234395,19.75586393444764,0 -99.16493554508607,19.75410176225089,0 -99.16604652349442,19.75751690219684,0 -99.16392845979013,19.75880703503514,0 -99.16526184819143,19.76028429250422,0 -99.1625161188164,19.76159309324809,0 -99.16856275254545,19.76332345779499,0 -99.17043817802359,19.76429745610063,0 -99.17186677374167,19.7647756690152,0 -99.17286365947712,19.76636144365386,0 -99.17323280951632,19.76745530591481,0 -99.17324444130108,19.7684734278697,0 -99.17021094539032,19.77951758423338,0 -99.16626878237452,19.78578639838395,0 -99.16992604701151,19.79175889457503,0 -99.17146199458057,19.79331336648699,0 -99.17312777563096,19.79486868553164,0 -99.17581842958035,19.79689772457313,0 -99.17991951960956,19.79927411749459,0 -99.17908724030093,19.79536457924523,0 -99.18033035163859,19.79411790808137,0 -99.1830173066033,19.79553308009875,0 -99.18468484217354,19.79648053609114,0 -99.18623336450429,19.79767706650212,0 -99.18877881976776,19.79799605552162,0 -99.18956449950213,19.79896401327446,0 -99.19167680003993,19.80052250228692,0 -99.19366263814763,19.80175996629935,0 -99.19614432325065,19.80287365968719,0 -99.19752265774935,19.80436015150904,0 -99.19940897886025,19.8065407903667,0 -99.20102719131512,19.80709387489056,0 -99.2040050224544,19.80738678927057,0 -99.20382934742014,19.80447029591922,0 -99.20459439586799,19.79899704331533,0 -99.20493800260617,19.79760318591619,0 -99.20740306500016,19.79778608386865,0 -99.20937167118031,19.79774763685978,0 -99.21037144777678,19.79842156976826,0 -99.21161848592612,19.79909131856098,0 -99.21250257578001,19.80000054967049,0 -99.21147627735765,19.80362190776584,0 -99.21374916587563,19.80055583762967,0 -99.21534587926355,19.80029268196787,0 -99.21768788401658,19.80024684393791,0 -99.21929031787515,19.80021546479414,0 -99.21998638778221,19.79869611340219,0 -99.22102952683292,19.79648053415908,0 -99.22222741745321,19.79541952712469,0 -99.22318164027217,19.79447979569714,0 -99.22745968948448,19.79382076119553,0 -99.22867507741563,19.79345206272415,0 -99.2308825349955,19.79518981239143,0 -99.23340353846986,19.79514025807291,0 -99.24157899992038,19.79043160977836,0 -99.24379439181192,19.78748668451659,0 -99.24384708314788,19.78368877472328,0 -99.24429839778405,19.78025527805163,0 -99.24205467536879,19.77688515304963,0 -99.24191803935655,19.77312565067812,0 -99.23935168730657,19.77121057996981,0 -99.23782250648007,19.77141935979734,0 -99.2388429356443,19.76765499654674,0 -99.24492643754742,19.76009327695807,0 -99.2495072477105,19.7613783033977,0 -99.25892244608481,19.7615202247274,0 -99.2711950227586,19.7735594056334,0 -99.29091568249726,19.77502743458486,0 -99.34676898430689,19.77702277120494,0 -99.35164716650823,19.77713912900898,0 -99.36182699376296,19.78008140513427,0 -99.36893336078995,19.77791803523429,0 -99.37060433287179,19.77756784903756,0 -99.37730884194822,19.77307445760159,0 -99.38570377349585,19.77087119636556,0 -99.30399599691671,19.73171832931611,0 -99.29958286647835,19.71964060626564,0 -99.29535693239332,19.70719525402046,0 -99.26259065635021,19.7036822127951,0 -99.25268613415058,19.69240544335099,0 
							</coordinates>
						</LinearRing>
					</outerBoundaryIs>
				</Polygon>
			</Placemark>
			<Placemark>
				<name>VICTORIA</name>
				<styleUrl>#cuautitlan</styleUrl>
				<Polygon>
					<tessellate>1</tessellate>
					<outerBoundaryIs>
						<LinearRing>
							<coordinates>
								-99.20716239968117,19.63932182968039,0 -99.20681155489935,19.6388923491712,0 -99.20334660097977,19.63872456071607,0 -99.20221364042976,19.63341583247438,0 -99.20068145575856,19.63019231353133,0 -99.1980185791399,19.63159307615621,0 -99.19694299908637,19.6320692827653,0 -99.19655077081451,19.63284607109984,0 -99.19591285709271,19.63294949721177,0 -99.19539795812373,19.63302654792643,0 -99.1952664930196,19.63268647754907,0 -99.19507411172536,19.63217632813501,0 -99.19457311881143,19.63063818640504,0 -99.19416594128965,19.62954544994528,0 -99.19366364076578,19.62943225145066,0 -99.19318806810288,19.62943780964789,0 -99.18589531006005,19.62964608008789,0 -99.18111717096625,19.62913995906331,0 -99.18061600089132,19.63299125697953,0 -99.17907464415116,19.63264494180888,0 -99.16515295664652,19.63059064755942,0 -99.16741758386861,19.64027687295281,0 -99.16705566605967,19.64220501941599,0 -99.16648079771262,19.64442629744504,0 -99.16790198294565,19.64473974651027,0 -99.16773553485625,19.64566529770926,0 -99.1672365403487,19.64597850859036,0 -99.16696419615965,19.64720310034177,0 -99.16826447752851,19.64740261938666,0 -99.16776525216112,19.64935244728289,0 -99.168823607912,19.64962312834775,0 -99.16830924278871,19.65170202084546,0 -99.16870235132718,19.65180174465671,0 -99.16732566654511,19.65701846048855,0 -99.16964330259057,19.65756237542482,0 -99.17031447450375,19.65576504792304,0 -99.17177326135482,19.6539330058793,0 -99.17343443761327,19.65261322526772,0 -99.17622598980461,19.65161737097432,0 -99.17723151839388,19.65067761244815,0 -99.17841769185483,19.64747878221959,0 -99.18200111950961,19.64821688134606,0 -99.18236543344487,19.64719433050966,0 -99.18350658232461,19.64738793924619,0 -99.18444051303179,19.6484634184628,0 -99.18521880190779,19.64895703443057,0 -99.19004654580071,19.64982860509059,0 -99.19004513746759,19.65300787943288,0 -99.19346652554589,19.65486780267388,0 -99.19611074367857,19.65692021170737,0 -99.19828833086025,19.65755550383408,0 -99.20470237290418,19.65789917253362,0 -99.20496104939379,19.66341360780151,0 -99.20323913317999,19.66819047403508,0 -99.20308376146245,19.67004368767308,0 -99.20560932124727,19.67022709225453,0 -99.20967218523529,19.67033825350919,0 -99.2115487030877,19.67030087141497,0 -99.21856686576523,19.66938876899229,0 -99.2228476885978,19.66632017951991,0 -99.22652525324087,19.6608756822259,0 -99.22837198904666,19.65389274911056,0 -99.22976774344821,19.65325789368521,0 -99.2317860431143,19.65006886789912,0 -99.2321173103843,19.64812277885467,0 -99.23132383816952,19.64709832892365,0 -99.23207261911232,19.6458602207276,0 -99.23071175331255,19.64255775711111,0 -99.23106900556469,19.64038204597864,0 -99.23076010314846,19.63908679424134,0 -99.23068072720869,19.63838678758722,0 -99.23379940944604,19.63549127060408,0 -99.22821246090093,19.63342947847754,0 -99.22191848560757,19.63477794912562,0 -99.21957620842016,19.63540983750836,0 -99.21990975035591,19.63534001367734,0 -99.20716239968117,19.63932182968039,0 
							</coordinates>
						</LinearRing>
					</outerBoundaryIs>
				</Polygon>
			</Placemark>
			<Placemark>
				<name>AREA HUEHUETOCA</name>
				<styleUrl>#cuautitlan</styleUrl>
				<Polygon>
					<tessellate>1</tessellate>
					<outerBoundaryIs>
						<LinearRing>
							<coordinates>
								-99.2269208088257,19.79402277474061,0 -99.2232104883185,19.79453791799945,0 -99.22215395896853,19.79633373096577,0 -99.22009644559176,19.79810441193606,0 -99.21938836568134,19.80026397223833,0 -99.21672363899958,19.80030083580001,0 -99.21406690036414,19.80052560898452,0 -99.21320950305675,19.80196519988195,0 -99.2118871268962,19.80386292142762,0 -99.21101822787509,19.80323524873764,0 -99.21179702072743,19.80175393017438,0 -99.21230118922414,19.80041492476849,0 -99.21069802400119,19.79902269473037,0 -99.20969476409897,19.79853214747839,0 -99.20740814557372,19.79756153411582,0 -99.2050320856291,19.79778227491429,0 -99.20520585101953,19.79856780206345,0 -99.20487024992029,19.80716145874842,0 -99.20253874574584,19.80843669791283,0 -99.20394060215055,19.81498681473791,0 -99.20090809041379,19.81628833722375,0 -99.19989346536606,19.81553375641866,0 -99.19817262814705,19.81467344162462,0 -99.19515159866732,19.81293722465846,0 -99.19521315418334,19.81438747851797,0 -99.19580709820632,19.81845925125214,0 -99.1952800108227,19.8225732738809,0 -99.19944004908675,19.82796669518641,0 -99.19799906751939,19.8270955214488,0 -99.19526310441854,19.82547994379961,0 -99.19249338243853,19.82461252897512,0 -99.19107034374363,19.82466556322506,0 -99.18989890230526,19.82585828234295,0 -99.1881819196206,19.82860344224491,0 -99.18837506931618,19.83319275871087,0 -99.18686925135087,19.83612174167772,0 -99.18262365735944,19.83685430650456,0 -99.17879264836688,19.83776287127696,0 -99.17682356353066,19.83936832423675,0 -99.17858869637475,19.84193960800108,0 -99.18007236176852,19.84104349289892,0 -99.17104229555771,19.86299404153183,0 -99.157244580669,19.89203542295868,0 -99.15118208597218,19.89252295604822,0 -99.14904025354812,19.89733421686109,0 -99.1485720672574,19.90325460509814,0 -99.14950380619138,19.90720180870216,0 -99.14623906489493,19.90610460081203,0 -99.14297370285662,19.90720008566458,0 -99.14437117639402,19.91312089554279,0 -99.1420363991291,19.92123345565305,0 -99.13597100152008,19.92495926820982,0 -99.12678487739598,19.92769977397276,0 -99.12201367870392,19.92896380924323,0 -99.11471497258009,19.92977661441437,0 -99.11443803914457,19.92307600248507,0 -99.11302211498649,19.92149579600745,0 -99.111035754323,19.92011791262208,0 -99.10810110440458,19.91913753959654,0 -99.10516643269614,19.91815710184444,0 -99.10323235679486,19.91804668720734,0 -99.0997866939162,19.91871708927037,0 -99.09639292004735,19.92065509688333,0 -99.09032954493875,19.91398523746994,0 -99.09036422518724,19.90074582138649,0 -99.08435355231546,19.89534360734767,0 -99.08264256208935,19.90066466491981,0 -99.08463628906556,19.90222408321733,0 -99.08469577550964,19.90367264966248,0 -99.08286550220531,19.90609687542851,0 -99.08138331508096,19.90760171765881,0 -99.07781077918504,19.90990821056203,0 -99.07697310352175,19.91302193906891,0 -99.07730671061692,19.91174021186482,0 -99.07538678133788,19.91199154267813,0 -99.07315525184552,19.91406792696894,0 -99.0691038377247,19.92203322450403,0 -99.063797322477,19.9679488598697,0 -99.06457791808627,19.97166997135905,0 -99.06772607535291,19.97686858790657,0 -99.06770636812043,19.98430906205002,0 -99.0642147448528,20.01441279395728,0 -99.06969309024387,20.01807459515651,0 -99.0748034746139,20.01809940211335,0 -99.07798966256222,20.02004999647254,0 -99.07887461345223,20.02582647732139,0 -99.08767671162491,20.03389661312641,0 -99.0962137156254,20.02983030415834,0 -99.10198185940656,20.03068216863376,0 -99.10469141469271,20.02948278368534,0 -99.11678291013665,20.02789677680658,0 -99.12279965387893,20.03082161466546,0 -99.12715632873849,20.03045456397045,0 -99.12823020139153,20.0296786197421,0 -99.1314042273039,20.02728873239266,0 -99.13429132877459,20.02658264209851,0 -99.13828088050059,20.02623108831135,0 -99.14261275697804,20.02549254802936,0 -99.14791747437974,20.02745901200485,0 -99.15399024079495,20.02540918286082,0 -99.15739567808002,20.02556591661222,0 -99.15704480287246,20.01909160935956,0 -99.16172663007951,20.01105366766593,0 -99.16130098884176,20.01019056442072,0 -99.16688427475118,20.00660037472804,0 -99.16544699454563,20.00590481776161,0 -99.18001498590165,19.99191837031117,0 -99.18341770121162,19.9896548440865,0 -99.19029032668011,19.99428844223694,0 -99.18927990903228,19.98947230576433,0 -99.18897021287424,19.98287705283908,0 -99.19888727370837,19.98184908952416,0 -99.19886472640177,19.97567338200429,0 -99.20335039667913,19.96926031494603,0 -99.20648562523118,19.96893562758584,0 -99.20901231539047,19.96720453562003,0 -99.21158594791386,19.96208265577283,0 -99.21323073843067,19.95875372237491,0 -99.21226306192511,19.95630417499046,0 -99.21372802144911,19.95340833710216,0 -99.22439981387342,19.95014412590893,0 -99.22092858225899,19.93217252535908,0 -99.21718002413249,19.92361686706038,0 -99.21013504024887,19.93072661626124,0 -99.2105034306046,19.91908953089811,0 -99.21136653965945,19.91651782627836,0 -99.2132509785685,19.912732662362,0 -99.21688585040125,19.91149826991953,0 -99.21924383257408,19.90931435349535,0 -99.21868412718776,19.90493302779829,0 -99.21893800793015,19.90240958455721,0 -99.22383277515631,19.90140916298442,0 -99.21848313074034,19.88825817159659,0 -99.228194120411,19.87325087558883,0 -99.23208376741071,19.87641923762853,0 -99.23557883885081,19.87385331315102,0 -99.24114731494733,19.87382010124593,0 -99.24883284713265,19.86403275433515,0 -99.24932346566985,19.85881445459383,0 -99.27049395779233,19.8586681885859,0 -99.2765393530312,19.85187574434659,0 -99.2745077773082,19.84996331186162,0 -99.27686526932798,19.84121029855687,0 -99.2805715502769,19.84372200205879,0 -99.28486414157743,19.84111204391113,0 -99.28688682039662,19.83645405529751,0 -99.29685800786704,19.83438964653432,0 -99.30550589557917,19.82144929187012,0 -99.31564867794003,19.81041782659251,0 -99.3059243575569,19.79891995379474,0 -99.3304352082678,19.79058537036188,0 -99.33196605175847,19.79565494904493,0 -99.34349053752018,19.79281702821896,0 -99.34223040103706,19.78117680506079,0 -99.34800812904238,19.77860178037782,0 -99.31871431748556,19.77562635030563,0 -99.29163689500724,19.7752789819469,0 -99.27025057354082,19.77382462688506,0 -99.25985306589448,19.7621590074141,0 -99.24822910693996,19.76262556321608,0 -99.24588102935469,19.75999945480181,0 -99.24050880042977,19.76643614055964,0 -99.23942584504077,19.77066598060161,0 -99.24305652187249,19.77410130033605,0 -99.24304668484363,19.77752742017087,0 -99.24539087385959,19.78156389819585,0 -99.24322737902419,19.78921648403113,0 -99.23743041564387,19.79423984895581,0 -99.23090602456321,19.79525357251191,0 -99.22849910404172,19.79352466737693,0 -99.2269208088257,19.79402277474061,0 
							</coordinates>
						</LinearRing>
					</outerBoundaryIs>
				</Polygon>
			</Placemark>
			<Placemark>
				<name>AREA CUAUTITLAN</name>
				<styleUrl>#cuautitlan</styleUrl>
				<Polygon>
					<tessellate>1</tessellate>
					<outerBoundaryIs>
						<LinearRing>
							<coordinates>
								-99.1896803467187,19.65027434527647,0 -99.18594532533288,19.64953761623152,0 -99.18423249603059,19.64884974387582,0 -99.18350719619204,19.64753919660072,0 -99.18241684083115,19.64738778727068,0 -99.18226151505888,19.64841601083101,0 -99.17836820762996,19.64748314276128,0 -99.17732650451661,19.65075428847128,0 -99.17628915353913,19.65173321295345,0 -99.17494275370244,19.65212667001579,0 -99.17291959860798,19.65325098547341,0 -99.17172467771849,19.65417881268625,0 -99.17037348549785,19.65579101715281,0 -99.16975094236292,19.65777025354569,0 -99.16908722030176,19.65939711614387,0 -99.16883613544667,19.66054016405236,0 -99.16992889510699,19.66072594845866,0 -99.17030939802095,19.6614209022471,0 -99.17079499672229,19.66193218125368,0 -99.17092438710033,19.662007431547,0 -99.17083582707242,19.66263788692892,0 -99.1700436604323,19.66245871773894,0 -99.16996214509324,19.66316849220847,0 -99.17023445199696,19.66538831229448,0 -99.16991060320603,19.66631796549472,0 -99.16907725847275,19.6672852654604,0 -99.16735768535392,19.6687301069201,0 -99.16581763311532,19.67076144938816,0 -99.16484723917101,19.67266811389199,0 -99.15258911622722,19.67679408724458,0 -99.14969944625696,19.68403065257322,0 -99.14921320203007,19.68699547969876,0 -99.14858259630567,19.68976038216098,0 -99.14785621172437,19.69061827149546,0 -99.14369166381745,19.68991761549217,0 -99.14267262932637,19.69088745004202,0 -99.14192473400246,19.69161716044901,0 -99.14078472102833,19.69255271265212,0 -99.1387873561635,19.69469206400549,0 -99.13766413376389,19.69581712930659,0 -99.13637433548591,19.69647585205489,0 -99.13493015288324,19.69654854105517,0 -99.13422009271515,19.69710431204328,0 -99.13350957852956,19.69755249538937,0 -99.13212843817341,19.69856201109084,0 -99.13095573914677,19.69944970626114,0 -99.13088111182716,19.70219976663412,0 -99.13070562866696,19.70383594529391,0 -99.1306067136164,19.70454123052524,0 -99.1303654594758,19.7060710857182,0 -99.13057193975574,19.70656638236052,0 -99.12835867837994,19.70808832190779,0 -99.12680938900418,19.70791967901171,0 -99.1267050341913,19.70820649327337,0 -99.12624865393589,19.70897739374188,0 -99.12650695300837,19.71010132701212,0 -99.1266455944605,19.7106028071206,0 -99.12754973516572,19.71231915463975,0 -99.12763546907672,19.71379396698702,0 -99.12733040503699,19.71505392166341,0 -99.12712824972377,19.71509674675301,0 -99.12668043910833,19.71682653692751,0 -99.12298299900615,19.71644669062979,0 -99.12151303218155,19.72245834413779,0 -99.12113553253376,19.72418397624737,0 -99.12896715495495,19.72538865409724,0 -99.13270414059025,19.72562019562819,0 -99.13475898408838,19.72613938859957,0 -99.13707011094304,19.72633681768237,0 -99.13903944397802,19.7262930007102,0 -99.15100801749207,19.72870697390126,0 -99.14847046922556,19.73702652032448,0 -99.1478311740932,19.74025941789462,0 -99.13805645575836,19.73817139235462,0 -99.12976278676743,19.7507408533452,0 -99.15802759496891,19.75001242772995,0 -99.15847930686992,19.74832528262281,0 -99.1620687520937,19.74789438300779,0 -99.16072623737631,19.75008765563542,0 -99.16571902348272,19.74896941147509,0 -99.16636642188509,19.75106634793411,0 -99.16476547535039,19.75339747139396,0 -99.16534421228974,19.7542458496772,0 -99.16744417535764,19.75614743005374,0 -99.17161518609377,19.75159575759063,0 -99.17184192428064,19.74845568066733,0 -99.17331023163912,19.74613136756127,0 -99.17357796701988,19.74374033267811,0 -99.17494777912248,19.74204664513075,0 -99.17610026908508,19.74123963187322,0 -99.17755224877968,19.7410438229732,0 -99.1785080104451,19.74149793418143,0 -99.18091351453815,19.73687525837608,0 -99.18277010551891,19.73678487883231,0 -99.18491697960621,19.73229992706732,0 -99.18556852342577,19.72963993333104,0 -99.18752548782074,19.72654086440474,0 -99.18909830498056,19.72371076501385,0 -99.19085388552418,19.71936975197909,0 -99.19313079019238,19.71725614656476,0 -99.19385083810505,19.71584421634539,0 -99.1955973130852,19.71375635856999,0 -99.19694598512379,19.7116878364836,0 -99.19753341629506,19.71028226986303,0 -99.19818212069342,19.70923771960247,0 -99.20518972893333,19.70374940957968,0 -99.20508045048918,19.70144012454219,0 -99.19684673644241,19.69846907259065,0 -99.19751801554538,19.6968794235841,0 -99.19817135848089,19.69428825397548,0 -99.19813442182375,19.69168754257138,0 -99.19825999938489,19.69023471621717,0 -99.19765770047269,19.68893823054556,0 -99.2035743890451,19.69468834507743,0 -99.2026659910573,19.68876944850142,0 -99.20212749458194,19.68622619107028,0 -99.20283328979262,19.68525899716244,0 -99.20705653813172,19.68606645443907,0 -99.20900047542605,19.68634681433494,0 -99.21078392551819,19.68244640106154,0 -99.21273904050786,19.67995640038114,0 -99.21354302025708,19.67862675620063,0 -99.21376976392135,19.67774879497371,0 -99.21312397509138,19.67651687941399,0 -99.21124104395534,19.67556089438863,0 -99.20979692488494,19.67391945537614,0 -99.20955605977645,19.67275346034084,0 -99.20977153770326,19.67152069496791,0 -99.20966903733753,19.67054262721566,0 -99.20951764609869,19.66999537548069,0 -99.20690411284338,19.66998538818582,0 -99.20402807550073,19.6699194266295,0 -99.20308425216493,19.66980012008012,0 -99.20292426001397,19.66862730622311,0 -99.20474184137925,19.66380149766772,0 -99.20449339433364,19.65824090369728,0 -99.19863807785336,19.65789919138053,0 -99.19635843506227,19.65726467684569,0 -99.1953257350997,19.65643391089433,0 -99.19315341991127,19.65486889052304,0 -99.18973070323686,19.65320762569037,0 -99.1896803467187,19.65027434527647,0 
							</coordinates>
						</LinearRing>
					</outerBoundaryIs>
				</Polygon>
			</Placemark>
		</Folder>
		<Folder>
			<name>ZONA AZTECA</name>
			<Placemark>
				<name>Azteca</name>
				<styleUrl>#azteca</styleUrl>
				<Polygon>
					<tessellate>1</tessellate>
					<outerBoundaryIs>
						<LinearRing>
							<coordinates>
								-99.01414888046551,19.52145667793735,0 -99.01399061782254,19.52746807923099,0 -98.9669066511586,19.52698974878791,0 -98.98977270069429,19.55680343044595,0 -99.01368338949001,19.54106541696227,0 -99.0136824198979,19.54050909517841,0 -99.01513092255523,19.5404746974973,0 -99.01516550898165,19.54083110630396,0 -99.02297286930485,19.54407211621508,0 -99.02286660042051,19.54481730569937,0 -99.02847541840985,19.5482036258297,0 -99.02819772308942,19.54916709366622,0 -99.03094445909514,19.55100764337724,0 -99.03807235170389,19.54328263311959,0 -99.04595197211138,19.548825215473,0 -99.04847146351655,19.54519634229352,0 -99.05184871658929,19.5406014459994,0 -99.05539120904801,19.53575757220198,0 -99.06274337500129,19.5249632481933,0 -99.05703217782614,19.52277039566098,0 -99.05846186880953,19.52112747732053,0 -99.05409382463041,19.51940323658583,0 -99.05400505492236,19.51979260784705,0 -99.04429798226253,19.51598192913342,0 -99.04594529594448,19.51164758089747,0 -99.03881183093947,19.50890458216448,0 -99.03446750850298,19.51893414812207,0 -99.0333793999523,19.52165100188928,0 -99.02248567927954,19.51732041407514,0 -99.01439149791419,19.51413693349696,0 -99.01414888046551,19.52145667793735,0 
							</coordinates>
						</LinearRing>
					</outerBoundaryIs>
				</Polygon>
			</Placemark>
			<Placemark>
				<name>Unión Bosque</name>
				<styleUrl>#azteca</styleUrl>
				<Polygon>
					<tessellate>1</tessellate>
					<outerBoundaryIs>
						<LinearRing>
							<coordinates>
								-99.06395363949119,19.49807684040779,0 -99.0777775821451,19.50371066221357,0 -99.08556078216397,19.49305508696974,0 -99.08819112998005,19.48645612252969,0 -99.09187837631126,19.47661103723593,0 -99.08948454213979,19.47561187293441,0 -99.08881771014202,19.47494539167525,0 -99.07095182233434,19.47161400650143,0 -99.07028828880192,19.47465268265128,0 -99.0698503470453,19.4743241343504,0 -99.05825910997645,19.46387330012822,0 -99.05159076719367,19.47873233742885,0 -99.04659601223766,19.4911420917228,0 -99.06395363949119,19.49807684040779,0 
							</coordinates>
						</LinearRing>
					</outerBoundaryIs>
				</Polygon>
			</Placemark>
			<Placemark>
				<name>Unión Canal</name>
				<styleUrl>#azteca</styleUrl>
				<Polygon>
					<tessellate>1</tessellate>
					<outerBoundaryIs>
						<LinearRing>
							<coordinates>
								-99.05361299167195,19.4945028493917,0 -99.04605538559331,19.51158475112415,0 -99.04432062616384,19.51575064220538,0 -99.05400385695701,19.51980096515938,0 -99.0540910769996,19.51939076896986,0 -99.05847081545382,19.52110715137192,0 -99.05708083645644,19.52277129245748,0 -99.06297174711858,19.52504655893738,0 -99.0622635815339,19.52614268759505,0 -99.05910335837143,19.53061094066792,0 -99.04888247203435,19.54512857003129,0 -99.05278360183299,19.5472593358982,0 -99.05283061671199,19.54837479591675,0 -99.05581369270988,19.55026677447389,0 -99.05911420938017,19.55025405302677,0 -99.06244330653053,19.55132730147988,0 -99.06479930634478,19.55118958708412,0 -99.07318422299153,19.54490642608167,0 -99.07323590340945,19.54292202190184,0 -99.07282542749248,19.54272119299644,0 -99.07435861450294,19.53873149285455,0 -99.07371726208436,19.53858829220503,0 -99.07534571865072,19.53559362808771,0 -99.07682101982327,19.53394837994505,0 -99.07514006999918,19.53299431241874,0 -99.07373086804084,19.53172101715791,0 -99.07216478828961,19.53227135350368,0 -99.06937256018161,19.53287846349662,0 -99.06949511969383,19.53221266988238,0 -99.07409933374005,19.53021655571226,0 -99.07785395168928,19.52827393954416,0 -99.08206085039657,19.52448173202383,0 -99.08330686626114,19.52313295169411,0 -99.08814905167263,19.51381600365198,0 -99.09050679284609,19.50935697601715,0 -99.05361299167195,19.4945028493917,0 
							</coordinates>
						</LinearRing>
					</outerBoundaryIs>
				</Polygon>
			</Placemark>
			<Placemark>
				<name>CD Cerro Gordo</name>
				<styleUrl>#azteca</styleUrl>
				<Polygon>
					<tessellate>1</tessellate>
					<outerBoundaryIs>
						<LinearRing>
							<coordinates>
								-99.04195772412778,19.58141769615131,0 -99.04688454135361,19.58382148500669,0 -99.04776685038544,19.58294201312435,0 -99.0480310067652,19.5816666273549,0 -99.04943121444768,19.58225512896117,0 -99.04998019767072,19.58197458288566,0 -99.05157915716728,19.58274020259297,0 -99.0533074668961,19.58309051152285,0 -99.05357337425191,19.58229566972059,0 -99.05409246695757,19.5817979114218,0 -99.05537703647012,19.58226250900078,0 -99.05622486763353,19.58733300672788,0 -99.07369403979092,19.58204545467106,0 -99.07573675984274,19.58136163333297,0 -99.07876504558816,19.58012461776228,0 -99.0819354555432,19.57881317049801,0 -99.0866970570091,19.57683275020294,0 -99.08835909205915,19.57341068456328,0 -99.09523956146242,19.57613378740631,0 -99.1108564295523,19.5863140448146,0 -99.12151997125981,19.59002177990472,0 -99.12383618627835,19.59266417227045,0 -99.12580586572477,19.58945527946232,0 -99.12533477745291,19.5876072972813,0 -99.1251151913854,19.58704585808957,0 -99.12545727508272,19.58653634719283,0 -99.12565957879697,19.58568145837956,0 -99.12580751810063,19.58552283744756,0 -99.12605532541056,19.5853329739714,0 -99.12614632241798,19.58513782105545,0 -99.12614165715608,19.58473695094352,0 -99.12633974416835,19.58450567720595,0 -99.12651847969705,19.58432797448033,0 -99.1267019916946,19.58407060148061,0 -99.12695515312551,19.58397393230957,0 -99.12701820670031,19.58384893351,0 -99.12693084485738,19.58374114313197,0 -99.1267922038424,19.58378414187134,0 -99.12665438713259,19.58365662131693,0 -99.12670595383716,19.58350038365898,0 -99.12719954951947,19.58317883355844,0 -99.12697808322588,19.58316579821942,0 -99.12679363504385,19.58291360453506,0 -99.12678192947764,19.58232933230777,0 -99.12680655494145,19.58125332059079,0 -99.12677371907756,19.58043260289809,0 -99.12567401556049,19.57989523539876,0 -99.12229874675286,19.57796170378875,0 -99.11904036910099,19.57476021557553,0 -99.11737634419181,19.57333864715159,0 -99.11569793456148,19.57151359120274,0 -99.11345162409893,19.57167273813511,0 -99.11585198258405,19.56369428608538,0 -99.11982185251817,19.55243730206487,0 -99.11728978986173,19.55292976855975,0 -99.11239071232683,19.55316910517938,0 -99.10850511804711,19.54826561393417,0 -99.10279709205156,19.54655705277014,0 -99.09240711269715,19.54772214216228,0 -99.09214596148632,19.54843201310317,0 -99.09163891237745,19.54834528747774,0 -99.09124818410832,19.54976228451247,0 -99.08927197786518,19.54878318084982,0 -99.08822670628636,19.54850196794262,0 -99.08668233648686,19.54861932733526,0 -99.08539857744935,19.54890090404402,0 -99.08378483018549,19.54934512892324,0 -99.08223027683559,19.54936974114187,0 -99.08131413545239,19.54920749342812,0 -99.07994985563265,19.54845378903397,0 -99.07933779497822,19.54857991255231,0 -99.07834032331991,19.55076439657558,0 -99.07788599298745,19.55068498718443,0 -99.07768429186507,19.55135819785832,0 -99.07693993966505,19.54998920092305,0 -99.0769638539993,19.54860613749843,0 -99.07473930902171,19.54725067701706,0 -99.07327150057067,19.5449459811219,0 -99.07313715160267,19.54501779330571,0 -99.07113127557487,19.5464978868999,0 -99.06698920830959,19.54970317113151,0 -99.0646873156546,19.55120839135731,0 -99.06338875601186,19.55151729652378,0 -99.06122194442784,19.55094073513844,0 -99.05950793484328,19.55022984819202,0 -99.05770496341495,19.5504697051131,0 -99.0556228639031,19.55027930729824,0 -99.05377509761918,19.54931294292019,0 -99.05262929421089,19.54822552991019,0 -99.05278501498863,19.54722091200438,0 -99.04867281465151,19.54518229953661,0 -99.04744354749511,19.54693730873898,0 -99.045980835856,19.54885349876423,0 -99.03812812044991,19.54340895517968,0 -99.03098948942038,19.55097161191329,0 -99.02820438536126,19.54914514036685,0 -99.02848610369043,19.5482482020589,0 -99.02288121470396,19.54483612279503,0 -99.02306503917019,19.54412218205376,0 -99.0151626956912,19.54082254348607,0 -99.01514226431757,19.5405138938528,0 -99.01371177179702,19.54051683687737,0 -99.01367046695373,19.54105617845,0 -98.98974195219036,19.55687359844728,0 -98.99746517150365,19.55355426095019,0 -99.01305545555633,19.55359745078956,0 -99.01327973789475,19.55805133061618,0 -99.01380913814288,19.55916416829779,0 -99.01949386082117,19.56340595541625,0 -99.03037514942407,19.57096320957719,0 -99.03103589892287,19.57007054652305,0 -99.033252291483,19.57159869934725,0 -99.03269887392327,19.57256259104504,0 -99.04205221047076,19.57932893850755,0 -99.04195772412778,19.58141769615131,0 
							</coordinates>
						</LinearRing>
					</outerBoundaryIs>
				</Polygon>
			</Placemark>
			<Placemark>
				<name>Unión Valle de Aragón</name>
				<styleUrl>#azteca</styleUrl>
				<Polygon>
					<tessellate>1</tessellate>
					<outerBoundaryIs>
						<LinearRing>
							<coordinates>
								-99.02944569086164,19.48565548041446,0 -99.02668717955372,19.48714524302076,0 -99.01668157586282,19.48824005388644,0 -99.01565850033761,19.4886876942307,0 -99.01517211662176,19.48980434365482,0 -99.01512585388448,19.49399143330907,0 -99.01436535812313,19.51418151963855,0 -99.02295312228544,19.51751737726848,0 -99.03329530694798,19.52156578106906,0 -99.03436688919932,19.51897256681008,0 -99.03869673991598,19.50889220559175,0 -99.04609116768194,19.51177017270016,0 -99.05340233644552,19.49455344175827,0 -99.04656882664429,19.49144074001262,0 -99.051526272158,19.47878317992616,0 -99.05444826423621,19.47232746981816,0 -99.05868455350361,19.46284834048727,0 -99.05720865466311,19.46265805245315,0 -99.05608516329123,19.46183977040027,0 -99.04574557670736,19.45955904767422,0 -99.03926017826949,19.46998186141227,0 -99.03837785757209,19.46950449875437,0 -99.03732189589377,19.47124988631705,0 -99.03648431565331,19.47088182497455,0 -99.03593426308763,19.47336184605203,0 -99.0328310710842,19.47843801289838,0 -99.03018719061505,19.48266233231071,0 -99.03008660690881,19.48337076686694,0 -99.03044858236829,19.48417482099513,0 -99.03020117492345,19.48496657948058,0 -99.02944569086164,19.48565548041446,0 
							</coordinates>
						</LinearRing>
					</outerBoundaryIs>
				</Polygon>
			</Placemark>
		</Folder>
		<Folder>
			<name>ZONA TLALNEPANTLA</name>
			<Placemark>
				<name>BARRIENTOS Reconfigurado</name>
				<styleUrl>#tlalnepantla</styleUrl>
				<Polygon>
					<tessellate>1</tessellate>
					<outerBoundaryIs>
						<LinearRing>
							<coordinates>
								-99.19253796788537,19.57442560248498,0 -99.19246423516429,19.57456049730995,0 -99.19229995144747,19.57770263247489,0 -99.18389110670807,19.57616149760338,0 -99.18263636499968,19.5748500182388,0 -99.18131614386559,19.57533261486258,0 -99.17800263114368,19.57734659682327,0 -99.1773097737824,19.5753874150965,0 -99.17197510053387,19.57811525273042,0 -99.17003487553562,19.57852695745408,0 -99.16957470567294,19.57867150359474,0 -99.16770711981968,19.57872831946037,0 -99.16760730593064,19.57832873798325,0 -99.16711077636565,19.57767140316907,0 -99.16703393315139,19.57729466830871,0 -99.16708000315403,19.57668279849244,0 -99.16692844197649,19.5762596593232,0 -99.16682577455839,19.57578972023358,0 -99.16677470614353,19.57557838015145,0 -99.16670498456152,19.57482863290208,0 -99.16598740081695,19.57438351632242,0 -99.16575726947048,19.57394009933825,0 -99.16536024579133,19.57377631680793,0 -99.16523382605901,19.57349638629838,0 -99.16482509782736,19.57212429979705,0 -99.16447510744277,19.57170702555977,0 -99.16434872532515,19.57159267455845,0 -99.16339871165657,19.57141765128947,0 -99.16339974221648,19.57229946591011,0 -99.16358352914882,19.57406165551841,0 -99.16303506335279,19.57420295764415,0 -99.16243921940398,19.57408799182569,0 -99.16139600889852,19.5739313143613,0 -99.1607537906975,19.57386730394829,0 -99.15994595849892,19.57357112245326,0 -99.15975067079228,19.5736194639663,0 -99.1596047537308,19.57376042184164,0 -99.1598723418339,19.57412985303288,0 -99.160430851572,19.57451900885058,0 -99.16084466111731,19.57477018945904,0 -99.16113675124068,19.57499912604705,0 -99.16145304795859,19.57527404198357,0 -99.16162600407033,19.57548051695814,0 -99.16150344539602,19.57612266067689,0 -99.16118573343731,19.57685972064582,0 -99.16101550267685,19.57715748214354,0 -99.16037130908222,19.57744994746489,0 -99.15989704550924,19.57756310528998,0 -99.15715450723876,19.57707138718145,0 -99.15673514666409,19.57704078988776,0 -99.15602023727925,19.5773483066307,0 -99.15537553774583,19.57763276913975,0 -99.15427863732575,19.57789059221204,0 -99.15396249223606,19.57802819063711,0 -99.15382540376855,19.57820012143457,0 -99.15386633274372,19.57858022807996,0 -99.15384209022658,19.57900992280898,0 -99.15361213116439,19.57952717948061,0 -99.15347178014494,19.57980592306877,0 -99.15366879010477,19.5803417902684,0 -99.1538659527437,19.58090415940212,0 -99.15486101206957,19.58147252747144,0 -99.15590740396262,19.58202191624802,0 -99.15637475792198,19.58235318029118,0 -99.15660512258185,19.58286224538831,0 -99.15538923399687,19.58316064160189,0 -99.15452143708083,19.58288301450072,0 -99.15380417766615,19.58307161537119,0 -99.1536531755428,19.58324556506208,0 -99.15405942967868,19.5836381555993,0 -99.15405330632541,19.5839583283288,0 -99.15321238983563,19.58445324673183,0 -99.15206803428092,19.58463459957957,0 -99.15127907874702,19.58437589859407,0 -99.15088845273105,19.58466098045989,0 -99.15099752998047,19.58581947676555,0 -99.15089492872823,19.58602633571597,0 -99.15041785810679,19.58621221676695,0 -99.15019464722548,19.58669864684264,0 -99.15003980160155,19.58694637272809,0 -99.14998774994648,19.58722296926905,0 -99.14975371890378,19.58749744390948,0 -99.14970503994849,19.58865050269966,0 -99.1495311393405,19.58883692304333,0 -99.14906203934865,19.58912194866302,0 -99.14910288240868,19.58957672600096,0 -99.14879778868587,19.59012860961802,0 -99.14814658249367,19.59054338338184,0 -99.14778515723938,19.59073487628606,0 -99.14733060264035,19.59071884662542,0 -99.14674997810438,19.5905957373309,0 -99.14664289533683,19.59084559246146,0 -99.14682620046339,19.59140448905522,0 -99.14683039534759,19.5918040201271,0 -99.15202751940382,19.59513869388888,0 -99.15222127604206,19.59740728404245,0 -99.15254595934404,19.59887900210757,0 -99.15388093759677,19.59929317311649,0 -99.15417851038102,19.60079778716407,0 -99.15612969802795,19.60094280255288,0 -99.15645139795301,19.60133207872645,0 -99.15826736932485,19.60135762817101,0 -99.15969616054208,19.60161855230041,0 -99.15881631273331,19.60566995210288,0 -99.15847875023462,19.60606840576271,0 -99.15828502364548,19.60604747352611,0 -99.15825040088443,19.60582725164983,0 -99.15780233955239,19.60583897957956,0 -99.15726412541861,19.60835053247467,0 -99.16062482642165,19.60877440967938,0 -99.16072665653894,19.61910091774958,0 -99.16315274214962,19.61893494671863,0 -99.16349642215029,19.61916033230091,0 -99.16399810128368,19.61920538590818,0 -99.16637446673955,19.61543106744437,0 -99.16733753222033,19.61010065523711,0 -99.17308671397069,19.61098177319885,0 -99.1788550624332,19.61282100061829,0 -99.18085808610316,19.61294650086587,0 -99.18225019013786,19.60645583671906,0 -99.18504607794111,19.6052825348257,0 -99.18645010785225,19.6045936348998,0 -99.1871693906764,19.60416566893331,0 -99.18815408947886,19.60352435997278,0 -99.1887704506204,19.60295129929103,0 -99.1887919112914,19.60093027861829,0 -99.18909282537025,19.5999593415088,0 -99.19021684041753,19.59885088466417,0 -99.19099993664526,19.59843496575007,0 -99.19149160341314,19.59825031015057,0 -99.19272562628973,19.59806707549997,0 -99.19543005850721,19.59779460371283,0 -99.19743324267678,19.59751916454276,0 -99.19860497642519,19.59728770109926,0 -99.19982496633584,19.59697017599969,0 -99.20065151022011,19.59642317108187,0 -99.2010884295387,19.59596654192949,0 -99.20172031292566,19.59500505602507,0 -99.20176577964841,19.59313305793825,0 -99.20161484742114,19.59108911433239,0 -99.20151297488357,19.59019274100728,0 -99.20188918621572,19.58829265404365,0 -99.20277306326238,19.58721870769626,0 -99.20370090591379,19.58634979497909,0 -99.20433155941647,19.58530515131182,0 -99.20451284983213,19.58433842367479,0 -99.20472304712106,19.58254937565637,0 -99.20478282718481,19.58209373586452,0 -99.20523629863098,19.58101103252134,0 -99.20599383462648,19.57972313809813,0 -99.20648042922369,19.5788328519018,0 -99.20702912671219,19.57799744268744,0 -99.20775810349666,19.57642745735886,0 -99.20803651677726,19.57566712906754,0 -99.20813324787241,19.57450963683938,0 -99.20805465965567,19.57343173451796,0 -99.20798101242728,19.57169237342611,0 -99.20877568631006,19.56892435196523,0 -99.20901238965637,19.56787793997692,0 -99.20886521004057,19.56738541269981,0 -99.20851066611962,19.56664281461892,0 -99.20773043684514,19.56576846662244,0 -99.20724751039444,19.56517911024696,0 -99.20686646445556,19.56449008847034,0 -99.20658398850929,19.56368290309092,0 -99.20621626383443,19.55808177389965,0 -99.20615497545717,19.55641567960292,0 -99.20611921546278,19.5548176490926,0 -99.20621725600128,19.55381140411734,0 -99.20644634475248,19.55309451634381,0 -99.20725707640975,19.55148732728955,0 -99.20766341998535,19.5508644832958,0 -99.20847199380027,19.54967064221038,0 -99.20830494164144,19.5498163675025,0 -99.20805923846891,19.54987943521432,0 -99.20740418325673,19.54979479455619,0 -99.20714075910261,19.54966504368024,0 -99.20695135289077,19.54953409664726,0 -99.20681431099901,19.54931086384958,0 -99.20678225709717,19.54746633402812,0 -99.2066358118585,19.54746762973733,0 -99.20658398837864,19.54774692399997,0 -99.20593658660319,19.54767256495456,0 -99.20597497979543,19.54702876838705,0 -99.20667821618653,19.54712366300459,0 -99.20678030218129,19.54607270688724,0 -99.20602731186086,19.54598244235117,0 -99.20632609346113,19.54382976415181,0 -99.20698165386112,19.54381010988158,0 -99.20704024315188,19.54281465498812,0 -99.20566525447954,19.54260533372049,0 -99.20583414231221,19.54179484489774,0 -99.2062690361268,19.54185125509866,0 -99.20623627365775,19.54181012830882,0 -99.20496265392991,19.54148906699489,0 -99.20280840502009,19.54093510448018,0 -99.20210335486151,19.54074356258936,0 -99.20051711841472,19.54032243920652,0 -99.20046716016031,19.54064310449136,0 -99.20031307530692,19.54064365509974,0 -99.20058802284981,19.53832798211286,0 -99.20065598564155,19.53719971489928,0 -99.19942536150853,19.53712022100251,0 -99.19917765536883,19.53686292361639,0 -99.19923804453738,19.53662172947543,0 -99.19925508575213,19.53611533528923,0 -99.19924913698735,19.53591815216681,0 -99.1988955222135,19.53576276600644,0 -99.19926484741319,19.53573129644736,0 -99.20072493897499,19.53575096354889,0 -99.20090127215377,19.53333662745192,0 -99.20019583001822,19.53358398688327,0 -99.19967889988725,19.53368293694937,0 -99.19915372145978,19.53369778015813,0 -99.1990490951589,19.53372286575603,0 -99.19904555705034,19.53397319745024,0 -99.19897546936313,19.53396929997081,0 -99.19899026724669,19.53371686083613,0 -99.19865265569766,19.53372522469281,0 -99.19866364599223,19.53400318461978,0 -99.19896739508499,19.53400038227355,0 -99.19879873177695,19.53594175144638,0 -99.19785004196436,19.53606235448068,0 -99.19684382270383,19.53605334035446,0 -99.19614329883748,19.54667923235054,0 -99.19445457176853,19.54550681319817,0 -99.19347935973593,19.55768077448853,0 -99.19223961828878,19.55793660565303,0 -99.19336874112108,19.559053611889,0 -99.19408955221915,19.56021150218235,0 -99.19447538097953,19.56102090852951,0 -99.19453633686001,19.56185215731999,0 -99.19476872006859,19.56286551670502,0 -99.19499877805508,19.5640975720355,0 -99.19526135049929,19.56549591313587,0 -99.19554884034127,19.5664049086958,0 -99.19588750495295,19.56756586809325,0 -99.19598109707727,19.56792325842561,0 -99.19575978367902,19.56796981864519,0 -99.19419175048672,19.56770342841698,0 -99.19419373945928,19.56810209671611,0 -99.19421199254157,19.56845857537147,0 -99.19420448905299,19.56878066853415,0 -99.19440542591065,19.57006311526592,0 -99.1950281395023,19.57118371875918,0 -99.19561776430933,19.57208747323272,0 -99.19508581419767,19.57267007816114,0 -99.19479893626607,19.57301470004492,0 -99.19420417466615,19.5729184683513,0 -99.19319230727938,19.57274855439629,0 -99.19260417998635,19.57304478498395,0 -99.19253796788537,19.57442560248498,0 
							</coordinates>
						</LinearRing>
					</outerBoundaryIs>
				</Polygon>
			</Placemark>
			<Placemark>
				<name>Coacalco Propuesto</name>
				<styleUrl>#tlalnepantla</styleUrl>
				<Polygon>
					<tessellate>1</tessellate>
					<outerBoundaryIs>
						<LinearRing>
							<coordinates>
								-99.09385967830842,19.66138931524603,0 -99.10056781393921,19.66260612040858,0 -99.10174960201411,19.66285385070847,0 -99.10242844053532,19.66302364634111,0 -99.10304930538254,19.66317410360945,0 -99.10401623542862,19.66341250144797,0 -99.10519490619305,19.66369079423337,0 -99.10515723787742,19.66381236186079,0 -99.10591804937822,19.66400813391375,0 -99.11011993534355,19.66509386892329,0 -99.11173042809042,19.66550206603851,0 -99.11483087824973,19.6663075270523,0 -99.1162455441933,19.6666701774163,0 -99.11777360482679,19.65896235910031,0 -99.11988044839514,19.65450850475106,0 -99.12410848449518,19.64143887316673,0 -99.12479628956463,19.63784780489544,0 -99.12806961475057,19.63637840007062,0 -99.12638042647518,19.63045252365484,0 -99.12593219709301,19.62581535335429,0 -99.12720911830623,19.61769676413226,0 -99.13068489133559,19.61476589812999,0 -99.11882454778305,19.59837195161514,0 -99.12363120141221,19.5924870728389,0 -99.12148979553997,19.59006368464471,0 -99.11069248254488,19.58631501721185,0 -99.10039758883406,19.60351632245192,0 -99.10195598637898,19.61522070906568,0 -99.1011161478263,19.61542796160153,0 -99.09890583227474,19.61633868072759,0 -99.09786342271033,19.61807102495534,0 -99.09817760012919,19.61814818414866,0 -99.09817743988775,19.61914849840649,0 -99.0983670487021,19.61973184096481,0 -99.09942727362314,19.61944891791411,0 -99.09991763183037,19.61980724856366,0 -99.09999680161155,19.62108999619134,0 -99.10038208948038,19.62225360020382,0 -99.10046727781317,19.62331875923357,0 -99.1005344268424,19.62434653943094,0 -99.09985958046589,19.62439138244134,0 -99.09923192108124,19.62507558607745,0 -99.09923443916719,19.62621773463961,0 -99.0986036248116,19.62594352221766,0 -99.09884401409123,19.62484731429048,0 -99.09714760543299,19.62439063125687,0 -99.09676061291685,19.62576098188823,0 -99.09642100083279,19.6265392790631,0 -99.0956920779567,19.6266311317628,0 -99.09491323182594,19.6291523059211,0 -99.0953992536478,19.62988786728923,0 -99.09500933160804,19.63121982991464,0 -99.09471678389211,19.63232219207168,0 -99.09364577933131,19.63213728967872,0 -99.09398629224458,19.63287225558984,0 -99.09681132034193,19.63374739825093,0 -99.09895639529401,19.63471530868374,0 -99.09934654533659,19.6347617678556,0 -99.09959031310885,19.6346700083508,0 -99.10007697274725,19.63464276082647,0 -99.09998994725181,19.63469295461874,0 -99.09988301890911,19.63476237870248,0 -99.09385967830842,19.66138931524603,0 
							</coordinates>
						</LinearRing>
					</outerBoundaryIs>
				</Polygon>
			</Placemark>
			<Placemark>
				<name>Ceilan Reconfigurado</name>
				<styleUrl>#tlalnepantla</styleUrl>
				<Polygon>
					<tessellate>1</tessellate>
					<outerBoundaryIs>
						<LinearRing>
							<coordinates>
								-99.19680563121999,19.53823765204998,0 -99.19681152458676,19.53702957842005,0 -99.19684150808125,19.53604368607832,0 -99.19634947591062,19.53602446522249,0 -99.19455413459859,19.53579046259292,0 -99.19282090436359,19.53523498078644,0 -99.19188359777253,19.53536501375317,0 -99.19078290663016,19.5352350518199,0 -99.18954945353256,19.53515466018862,0 -99.1863682200309,19.53436067379143,0 -99.18353419413341,19.53407485181572,0 -99.17908881408698,19.53246976128128,0 -99.17802061855546,19.53201059376818,0 -99.17608495018021,19.5320780370862,0 -99.17499068825428,19.5318942908443,0 -99.17448728077126,19.53364463927793,0 -99.17468422530658,19.53377622057504,0 -99.17405795471353,19.5369670134779,0 -99.17156578719005,19.53514810290162,0 -99.17051881697708,19.53457484190532,0 -99.16891600953194,19.53367325514467,0 -99.16748408239444,19.53285799943814,0 -99.16800374815722,19.5340476046656,0 -99.16849252444959,19.53520772731028,0 -99.16850830699343,19.53556571168265,0 -99.16850969374326,19.53638187108316,0 -99.16851118868905,19.53728314859919,0 -99.16685679557544,19.53731291674734,0 -99.16218694306572,19.5389680676692,0 -99.15839907417993,19.54118522429675,0 -99.15748301717549,19.5423865358119,0 -99.1569084346981,19.54207729056022,0 -99.15658993441163,19.54192181998728,0 -99.15623706289908,19.54180929284246,0 -99.1553024748363,19.54113190682886,0 -99.15393730591586,19.54031105127228,0 -99.15112384361392,19.54473071858512,0 -99.15295517802834,19.54577391524269,0 -99.14949644252252,19.55133141369772,0 -99.14353836550632,19.54765385549501,0 -99.14368200040055,19.5473999239934,0 -99.14360352677816,19.54735417654413,0 -99.14324507188253,19.54776038697112,0 -99.14307226726747,19.54788734783783,0 -99.14194434333331,19.54740442568721,0 -99.14175739835507,19.54774521228168,0 -99.14171540822845,19.54779646364071,0 -99.14167949123637,19.54786747770381,0 -99.14134337462902,19.54839005888934,0 -99.14100107987788,19.54881492064754,0 -99.14145543486218,19.54902901497444,0 -99.14125494019216,19.54931217441053,0 -99.13924323042907,19.54850774910173,0 -99.13881344978796,19.54924440985782,0 -99.13930302353289,19.54943626553808,0 -99.13888033145533,19.55023346341032,0 -99.13980544958866,19.55066237433331,0 -99.13921857899503,19.55166013031977,0 -99.13883840494142,19.55142031417608,0 -99.13855160662219,19.55190395345635,0 -99.13819877335177,19.55254106638379,0 -99.13818201725474,19.55291668446117,0 -99.13775789314353,19.55328620777223,0 -99.13749335694445,19.55380871114166,0 -99.1378265573841,19.55406493091473,0 -99.13743560059692,19.55487670319764,0 -99.13737122337184,19.55500043328649,0 -99.13670691175459,19.55476155405863,0 -99.13659558874164,19.55485335224072,0 -99.13731865002629,19.55518354732219,0 -99.13729663283266,19.55535652496547,0 -99.1369247382811,19.55605347554009,0 -99.13627304437273,19.55735380722637,0 -99.1360221082606,19.5577493232716,0 -99.13561356003669,19.55791573662035,0 -99.13551208458823,19.55820651223421,0 -99.135076269001,19.55821682181608,0 -99.13488088602659,19.55861635996715,0 -99.13526340547764,19.55892103457351,0 -99.13541923740573,19.55912181561303,0 -99.13485419809159,19.55930054017061,0 -99.13502124695833,19.559572849989,0 -99.13485977648836,19.55975512424354,0 -99.13484282164434,19.55991930386008,0 -99.13453964586024,19.56082058588788,0 -99.13383754681246,19.56055532354949,0 -99.13263322833092,19.56002527863349,0 -99.13043529187928,19.5589249482171,0 -99.12890566242606,19.55814286263292,0 -99.12720078824037,19.55740446579329,0 -99.12547145758796,19.55668855347572,0 -99.12519568850119,19.55746561070058,0 -99.12453636179606,19.5573741113049,0 -99.1241180286747,19.55723716501948,0 -99.12390151154295,19.55711438843466,0 -99.12347879206807,19.55748636563707,0 -99.12308174674423,19.55735560750587,0 -99.12253566087718,19.55780449402794,0 -99.12158837526663,19.55817475255624,0 -99.11922342373694,19.55771457904002,0 -99.11791059028171,19.55830011813768,0 -99.11717484477819,19.56031870586349,0 -99.11345678581104,19.57168908533422,0 -99.11528728492605,19.57142127164837,0 -99.11751249683461,19.57352404938651,0 -99.11904560506682,19.57493415969886,0 -99.12033375965129,19.57596724459135,0 -99.12183588474768,19.5774299915844,0 -99.12247591983223,19.57813667370144,0 -99.12452753377252,19.5791916442465,0 -99.12571759341148,19.57993266942713,0 -99.12677119479848,19.58040708250502,0 -99.12680776945038,19.58109100642986,0 -99.12675061260771,19.58217679417573,0 -99.12675493647708,19.5826399586741,0 -99.12679445176617,19.58291160776765,0 -99.12688185200379,19.58304710776482,0 -99.12697419437828,19.58316824670135,0 -99.12720852652163,19.58318267851248,0 -99.1267037623156,19.58350381673817,0 -99.12664596714329,19.58365564793479,0 -99.12677242435593,19.58377684243039,0 -99.12694180942565,19.58374642614867,0 -99.12701332980517,19.58385266473892,0 -99.12697072538728,19.58398895741534,0 -99.12670848590741,19.58407944021698,0 -99.12655010838728,19.58430510240954,0 -99.12632923619054,19.58448444078499,0 -99.1262008314449,19.58466331150398,0 -99.12614442926571,19.58475251773016,0 -99.12614866164006,19.58513906333596,0 -99.12605322584051,19.58534542771922,0 -99.12580562886464,19.58551997959847,0 -99.12567881799423,19.58568024008374,0 -99.12564489543755,19.58595500966494,0 -99.12556128141671,19.58628306619377,0 -99.12549802511104,19.58652359756515,0 -99.12521127021223,19.58677921442124,0 -99.12510563698029,19.58705919992037,0 -99.12513157758214,19.58725303481981,0 -99.12528718118548,19.58764624683347,0 -99.12543311270589,19.58764257847165,0 -99.12588290074493,19.58716945376382,0 -99.12607480260274,19.58701346195678,0 -99.12636608560722,19.58700093350929,0 -99.12698359109469,19.58722825814541,0 -99.12721327486493,19.58705624029334,0 -99.12756357490744,19.58696355384343,0 -99.12769570373786,19.58705914318098,0 -99.12790475774109,19.58741707297053,0 -99.12795360578232,19.58785563874068,0 -99.12839686600039,19.58814629567365,0 -99.12873078753313,19.58815881343969,0 -99.12926986193432,19.58792086079556,0 -99.12968743167519,19.58789671588478,0 -99.1303108893635,19.58820568845513,0 -99.13115662679964,19.58833032926061,0 -99.13167006539727,19.58812132701713,0 -99.13198080535354,19.58764888273412,0 -99.13267211168883,19.58749510463196,0 -99.13302645449275,19.58674696877683,0 -99.13326760671303,19.58566806813618,0 -99.13346391384306,19.58542933519556,0 -99.13376767418828,19.58542750424563,0 -99.1345432760987,19.58571797133307,0 -99.13462154763948,19.5856508353694,0 -99.1344123922039,19.5850404189663,0 -99.13369101292348,19.58397149322561,0 -99.13474520800867,19.58427304882767,0 -99.13515387036712,19.58454810886812,0 -99.13569450854621,19.58522061011776,0 -99.1361197851076,19.58542922261208,0 -99.13639939569849,19.58563952142457,0 -99.13683122133097,19.58620713041742,0 -99.13779698363122,19.58674698876212,0 -99.1383357866606,19.58692002937684,0 -99.13880677680352,19.58723504813099,0 -99.13902844000457,19.58753848711639,0 -99.13967958070614,19.58733353096867,0 -99.14004289391936,19.58735807542145,0 -99.14030016527073,19.58746709178952,0 -99.14048912117423,19.58765410512486,0 -99.14077472395789,19.58812742523334,0 -99.14098699793685,19.58846194046964,0 -99.14203784064576,19.58917323102064,0 -99.1425833721908,19.58931766724262,0 -99.14320910169434,19.5896148159355,0 -99.14368870623949,19.58967309067108,0 -99.14482240620723,19.59050188355113,0 -99.14556584759548,19.59140885039284,0 -99.1469994133964,19.59237431330494,0 -99.14719555863212,19.59248390943156,0 -99.14686730682398,19.59180390481728,0 -99.14672262454663,19.59114309047412,0 -99.14665509719896,19.59082875986418,0 -99.14673632844776,19.59062031879497,0 -99.14701208292985,19.59062502001245,0 -99.14770647905951,19.59075740212789,0 -99.14861641575047,19.59025804056684,0 -99.14906396772759,19.5897437562407,0 -99.14906687219219,19.58921277464384,0 -99.14928221051208,19.58900645944999,0 -99.14966916545839,19.58875773703606,0 -99.14968340283571,19.5885030704942,0 -99.14970142833418,19.58765707105708,0 -99.15000735588002,19.58720167507907,0 -99.15001612754915,19.5869585368174,0 -99.15028390171133,19.58665448614099,0 -99.15043441141798,19.58630504259117,0 -99.15094492798944,19.5860301210989,0 -99.15098000004654,19.58536916998241,0 -99.15091217446651,19.58467820334728,0 -99.15119802830844,19.58445305706805,0 -99.15200909856131,19.58466128074983,0 -99.15264415655012,19.58459537523286,0 -99.15321196000404,19.58447102943887,0 -99.15405128408042,19.58392194043911,0 -99.15402492391621,19.58359724723524,0 -99.15368138884693,19.58325551112388,0 -99.15381360303657,19.58307656289291,0 -99.15455029268915,19.58289494729117,0 -99.15541405561878,19.58319706676921,0 -99.15658800517221,19.58290261250009,0 -99.15622401035577,19.58220748990209,0 -99.15579908043766,19.58193926740766,0 -99.15414269962176,19.58112238948251,0 -99.15379353008913,19.58077020486059,0 -99.1535140620995,19.57993943694797,0 -99.15351365493558,19.57974451389651,0 -99.15381124497075,19.57907540694338,0 -99.15385493571975,19.57808894340215,0 -99.15429167785329,19.57788965575799,0 -99.15531046548155,19.57768396943117,0 -99.15679101820932,19.57707135088804,0 -99.15719487843145,19.57710703687223,0 -99.16001132213128,19.57756627741959,0 -99.16101349563178,19.57713243738115,0 -99.1612241765018,19.57689097387462,0 -99.16138648970191,19.57638334296709,0 -99.16159704272057,19.57576760280951,0 -99.16162060102427,19.57550356810613,0 -99.16145631354586,19.57523976167818,0 -99.16096510495163,19.57491130598125,0 -99.16084897340187,19.57473514905004,0 -99.16005715261446,19.57429796426828,0 -99.15973063750648,19.5739673131136,0 -99.15963615122475,19.57374473528844,0 -99.15972849949009,19.57365402502353,0 -99.16007832774676,19.57365013077616,0 -99.16073440127683,19.57389038047965,0 -99.16132374314583,19.57388456217842,0 -99.16298898795387,19.57420744847835,0 -99.16363396827629,19.57404870687505,0 -99.16336295594095,19.57233765416219,0 -99.16343427823929,19.57137877333733,0 -99.16443946672931,19.57156786001628,0 -99.16456283240322,19.57185421939914,0 -99.16477783246118,19.57203227164001,0 -99.16516148487092,19.57308262327143,0 -99.16528898560433,19.57363927957837,0 -99.16536139456464,19.57377359274332,0 -99.16581371137895,19.57397572231018,0 -99.16598737247973,19.57440073660854,0 -99.1667474972183,19.57487303802389,0 -99.16676627688041,19.57554682071146,0 -99.16691127288995,19.57597496940742,0 -99.16696132280236,19.57626815287487,0 -99.16705947173824,19.57671941584098,0 -99.16706267712364,19.57728399950832,0 -99.16720878399835,19.57778113663536,0 -99.16785723848014,19.57879060689151,0 -99.16766193769305,19.57870561982407,0 -99.16908596520567,19.57866887636275,0 -99.16944216397953,19.57865660529988,0 -99.17118576649318,19.57825597965431,0 -99.17191698512137,19.5781512801235,0 -99.17263081629568,19.57783052723744,0 -99.17367820965825,19.57728769943481,0 -99.17430635007763,19.57693194292727,0 -99.17530630001529,19.5763477190377,0 -99.17557569209215,19.57619533130742,0 -99.17695990779963,19.5756289574912,0 -99.17748744560051,19.57540084003593,0 -99.17770922930406,19.57589929314922,0 -99.17781033151863,19.57644099594844,0 -99.17781381125656,19.57684567052809,0 -99.17779195673951,19.57696847305603,0 -99.177738233097,19.57716571182522,0 -99.17765493450713,19.57753189868869,0 -99.17775205651887,19.57773695233007,0 -99.17839014500414,19.57728572377919,0 -99.17889286158183,19.57691737185461,0 -99.17921866013053,19.57668186449242,0 -99.17936633629211,19.57650547358093,0 -99.17954081677333,19.57642395839339,0 -99.17980775464899,19.57623474671174,0 -99.17997818455579,19.57612722778652,0 -99.18019431941885,19.5760452291156,0 -99.18011734947621,19.57592894192018,0 -99.1807151787069,19.5755551910053,0 -99.18150343301637,19.57508562765196,0 -99.18198943976627,19.57509739850968,0 -99.18206136574966,19.57509763169621,0 -99.18219643939393,19.57506805479401,0 -99.18253308435835,19.57476514344655,0 -99.18361239483973,19.57580090023972,0 -99.18394089999363,19.57612339702968,0 -99.18406218364713,19.57610823954681,0 -99.18445589348406,19.57627484595968,0 -99.18454743031485,19.57630236367324,0 -99.18465495770818,19.57633239506048,0 -99.18479753873335,19.57638241938821,0 -99.18508121571016,19.57643465838833,0 -99.18529507899451,19.57645131455532,0 -99.18563983565438,19.57654615203541,0 -99.18726487655978,19.57688333895285,0 -99.18803276044834,19.57704365728744,0 -99.1917454521728,19.57779079362272,0 -99.19203243592349,19.57781518690878,0 -99.19219950348582,19.57678580103162,0 -99.19256948032432,19.57457776013847,0 -99.19246385951597,19.57456413005664,0 -99.19252343777589,19.57444275084103,0 -99.19259475022966,19.57304299624813,0 -99.19318865645933,19.57274617645777,0 -99.19402127150562,19.57289381985312,0 -99.1947842662027,19.5730114983622,0 -99.19502177152681,19.57274483054287,0 -99.19561934961412,19.57208354883446,0 -99.19461745374849,19.57049504779273,0 -99.19441076491955,19.57007931198086,0 -99.19420834394025,19.56880183049179,0 -99.19420019365761,19.56767928010158,0 -99.1957873421304,19.56797646062723,0 -99.19596665596688,19.56793404649238,0 -99.1957102492625,19.56699031541645,0 -99.1954309508391,19.56614564192748,0 -99.19520951127869,19.56536314698734,0 -99.19501232441809,19.5642306226179,0 -99.19486461776191,19.56340719877933,0 -99.19451097128298,19.56196465779789,0 -99.1944710883581,19.56119444238733,0 -99.19436476064153,19.56082254524173,0 -99.19407296115659,19.56017722921599,0 -99.19334046397654,19.55902489432836,0 -99.19208918361977,19.55791833370356,0 -99.19298558965455,19.55799386931993,0 -99.1933945244337,19.55779858276569,0 -99.19371434625026,19.55453624009617,0 -99.19396682523217,19.55150332521156,0 -99.19440390829828,19.54543152704272,0 -99.19601307461492,19.54674816434541,0 -99.1963892034243,19.5428038859603,0 -99.19649898240672,19.54151772302391,0 -99.19657930597191,19.5402637327916,0 -99.19680563121999,19.53823765204998,0 
							</coordinates>
						</LinearRing>
					</outerBoundaryIs>
				</Polygon>
			</Placemark>
			<Placemark>
				<name>La Loma Reconfigurado</name>
				<styleUrl>#tlalnepantla</styleUrl>
				<Polygon>
					<tessellate>1</tessellate>
					<outerBoundaryIs>
						<LinearRing>
							<coordinates>
								-99.18930760593781,19.53495094553175,0 -99.1893647913851,19.53507401751935,0 -99.18961286666068,19.53511529423754,0 -99.19075043821876,19.53522725274616,0 -99.19188590994698,19.53535636076001,0 -99.19282082799366,19.53523430928732,0 -99.1939982494582,19.53560558288467,0 -99.19449498979444,19.53575893450954,0 -99.19479098112164,19.53582163480293,0 -99.19497093724928,19.53585135606295,0 -99.19516033998158,19.53586686024305,0 -99.1952949986472,19.53588778839406,0 -99.19559733097283,19.53595201870092,0 -99.19587674468862,19.53597626946398,0 -99.19604179931734,19.53599290087823,0 -99.19635534665819,19.53601424840335,0 -99.1964665820465,19.53602070560718,0 -99.19684612168955,19.5360414097199,0 -99.19782289285588,19.53606734532412,0 -99.19879434388113,19.53592245697285,0 -99.19896228325223,19.5340038177576,0 -99.19866301105051,19.53400545741106,0 -99.19866052154649,19.53372563866908,0 -99.19898795249063,19.53370803091358,0 -99.19897348115691,19.53395986007055,0 -99.19903228032797,19.53397050495287,0 -99.19905833112256,19.53371856430147,0 -99.1994500493265,19.53368910854665,0 -99.19966070685545,19.53368794989126,0 -99.20024865743542,19.53357042079026,0 -99.20090736967286,19.53331896395104,0 -99.2007434707987,19.53576382215906,0 -99.19890497581486,19.53576040371776,0 -99.19925369345772,19.53591970573762,0 -99.19925583059171,19.53640660376281,0 -99.199183492404,19.53684252091742,0 -99.19940325231262,19.53711746788485,0 -99.20066594584233,19.53723048001326,0 -99.20031307530692,19.54064365509974,0 -99.20046993716177,19.54064614478345,0 -99.20051411962039,19.54032222777527,0 -99.20078341623866,19.54038668043978,0 -99.20228262116596,19.54078545418233,0 -99.20323539639685,19.5410617989423,0 -99.20408241138578,19.54128822288617,0 -99.20502478825269,19.54148789313919,0 -99.20620580121913,19.5418007901756,0 -99.20628788010899,19.54183436713292,0 -99.20626575256256,19.54185983873373,0 -99.20583898585622,19.54179510148179,0 -99.20567733322646,19.54261318329752,0 -99.20706785256257,19.5428210813249,0 -99.20695828341458,19.54384539013175,0 -99.20632076283641,19.54382909496637,0 -99.20604332392134,19.5459844951495,0 -99.20677717300815,19.54605702435669,0 -99.20667441782065,19.54712986169947,0 -99.20597838484731,19.54702896449822,0 -99.20594318908203,19.54767615113028,0 -99.20659097016956,19.54774411962783,0 -99.20664259199224,19.54746801540001,0 -99.20678524215893,19.54747292209605,0 -99.20676718696029,19.54890385552095,0 -99.20680830639002,19.54919982272934,0 -99.20682878147895,19.5493040484688,0 -99.20695187510597,19.54952265059092,0 -99.20710449245463,19.5496509652288,0 -99.20736058408353,19.5497870908885,0 -99.20769855986291,19.5498341033549,0 -99.20805884554963,19.54987789720688,0 -99.20828916026875,19.54982041782424,0 -99.20839567005359,19.54973859581311,0 -99.20849485176639,19.54963836518971,0 -99.2093094212167,19.54835768251001,0 -99.20973789871496,19.5476688721909,0 -99.21020972506859,19.54691810696544,0 -99.21037479439885,19.54667232992545,0 -99.21041556529147,19.54659606674216,0 -99.21047227012079,19.54650896434988,0 -99.21078593594788,19.54601177288678,0 -99.21105629999431,19.54558789113198,0 -99.21136182059024,19.54509460821435,0 -99.21175161313626,19.54448014762106,0 -99.21208984745512,19.54394670908719,0 -99.21229412909328,19.54363423346871,0 -99.21235018796594,19.54354806392283,0 -99.21247075025707,19.54334314532165,0 -99.21265899624102,19.54304957636197,0 -99.21272771048311,19.54295705943815,0 -99.21278044867967,19.54285108373677,0 -99.21307403110166,19.54241823628016,0 -99.21324646107998,19.54212097485634,0 -99.21346647573944,19.54179945479228,0 -99.21420822707775,19.54053257085923,0 -99.21445471584757,19.54019284165651,0 -99.21476181607261,19.53975613274277,0 -99.21499213035042,19.53932318506167,0 -99.21545185959046,19.53950882795371,0 -99.21682473273435,19.54018557088354,0 -99.21731667994078,19.54046374747558,0 -99.21774722974951,19.54055893207735,0 -99.21798595993445,19.54052522783889,0 -99.21818030102436,19.54045556944523,0 -99.21866774458678,19.5401599890966,0 -99.21984508787317,19.53972620019205,0 -99.22084511140467,19.53948122205846,0 -99.22161558170507,19.53942361769414,0 -99.22197531292313,19.53934625202589,0 -99.2234596064995,19.53909711823917,0 -99.22388573690414,19.53901920986944,0 -99.22447435734973,19.53895918526649,0 -99.22501118914464,19.53893215725666,0 -99.22563263359098,19.53896263395128,0 -99.22589466279187,19.53903563686784,0 -99.22602949350978,19.53902386514688,0 -99.22651299626604,19.53902384563775,0 -99.22734778187618,19.53912068324175,0 -99.22821539083787,19.5395111369236,0 -99.2284628636319,19.53960150165176,0 -99.22860012410955,19.53954955185625,0 -99.22855922538552,19.53927426583713,0 -99.22883902068506,19.53905957846902,0 -99.22978738515874,19.53759495852901,0 -99.23011191679973,19.53702760424817,0 -99.23073689026792,19.53608143842629,0 -99.23203629062743,19.53381223715772,0 -99.23301044608439,19.53220552521849,0 -99.23326672534859,19.53180594000953,0 -99.23367846431678,19.5311697006888,0 -99.23454948455601,19.52982113333455,0 -99.23575968554606,19.52788078372628,0 -99.23602063962065,19.52735302453839,0 -99.23654942125367,19.52610862966871,0 -99.23679492480534,19.52560579103069,0 -99.23624252864207,19.5252816044926,0 -99.23578645068808,19.52557049535714,0 -99.23552289289621,19.52710089820952,0 -99.2348112518364,19.52734782979868,0 -99.23095260773405,19.52686407690845,0 -99.23059712775415,19.52680819669886,0 -99.23046369794349,19.5267948342566,0 -99.23051005770691,19.52664251104326,0 -99.2308233758035,19.52596170469972,0 -99.2309072330816,19.52570806914173,0 -99.23103544692961,19.52530902215072,0 -99.23113989148078,19.52497644337945,0 -99.23121574606317,19.5247320901859,0 -99.23118553605669,19.52444815798097,0 -99.2310433184463,19.52441445014721,0 -99.2309542662002,19.52438869008497,0 -99.23034870395485,19.52424003394324,0 -99.22956879988092,19.52390830129273,0 -99.22933287361855,19.52382880349009,0 -99.22909535091546,19.52374406620176,0 -99.22861577900689,19.52353997420211,0 -99.2280625821504,19.52330495115135,0 -99.22785160365905,19.52321647387119,0 -99.22762368718553,19.52311868837505,0 -99.22739291147764,19.52292843794054,0 -99.22829644865803,19.52175251647539,0 -99.22748187467568,19.52136694614002,0 -99.22666971565901,19.52099075073004,0 -99.2266837819692,19.52086355637637,0 -99.22656154350365,19.52080971582511,0 -99.22585568456215,19.52050844403514,0 -99.22560628281474,19.52039972598922,0 -99.22545763166609,19.52038103056767,0 -99.22509037873753,19.52038558037589,0 -99.22394030770973,19.52039881720558,0 -99.22264440101515,19.51881543959091,0 -99.22246946792346,19.5187341515837,0 -99.22209215434222,19.51870553439381,0 -99.22057098105515,19.51867876826617,0 -99.21932035535373,19.51866265411426,0 -99.21866422391022,19.51865480597178,0 -99.21728446803394,19.51860379312702,0 -99.21641351668237,19.51802149992935,0 -99.2154525205394,19.51721721694207,0 -99.21463176716536,19.51651082984547,0 -99.21358663972558,19.51802637457523,0 -99.21315560040036,19.51869187007922,0 -99.21208840151073,19.52034107485732,0 -99.21149333690698,19.52126216567018,0 -99.21111920740606,19.52184185496754,0 -99.21034766612624,19.52301872896279,0 -99.20986165009849,19.52373256913921,0 -99.20965316804836,19.52405239648126,0 -99.20951396994973,19.52426477794624,0 -99.20938738970069,19.52417003601545,0 -99.20857479248991,19.52391994389727,0 -99.20754951475506,19.52359545793985,0 -99.20649295902361,19.52320127109542,0 -99.20470456843363,19.52274692353294,0 -99.20366593506928,19.52356358421823,0 -99.20315224117249,19.52404758001453,0 -99.20239068123247,19.52455530273212,0 -99.20141661347725,19.52545577833798,0 -99.20091976879439,19.52586857814869,0 -99.20082147909139,19.52592732976068,0 -99.20074581989608,19.52590278086819,0 -99.20072200424099,19.52592063043856,0 -99.20066336960477,19.5259473594456,0 -99.20039647379987,19.52555352407678,0 -99.20102859813993,19.52545330064174,0 -99.20210786203714,19.52457869003272,0 -99.2021230271569,19.52396539858979,0 -99.20111792684052,19.52364554839471,0 -99.19991716248751,19.52350196362559,0 -99.19649244796236,19.52254159562982,0 -99.19517405425559,19.52224766080832,0 -99.19414096336888,19.52204060168955,0 -99.19375416259301,19.52195632524493,0 -99.19394718052844,19.52319724792713,0 -99.19746990393304,19.52457497023172,0 -99.19671141450482,19.52632949766764,0 -99.19450282988517,19.52565742038746,0 -99.19425638714465,19.52557384886128,0 -99.19435587378474,19.52661789832397,0 -99.19458433381466,19.52795799054529,0 -99.19469280575622,19.52855855842718,0 -99.19485155522896,19.53028510894304,0 -99.19484222240318,19.53078295260048,0 -99.19339800142758,19.53138556456236,0 -99.19297024073251,19.53159472000159,0 -99.19255505293955,19.53181852095988,0 -99.1911797985029,19.53257783124445,0 -99.19068953057614,19.53285412149488,0 -99.19032133629692,19.53306101258806,0 -99.19009030838853,19.53321545000851,0 -99.1894856925272,19.5336370421254,0 -99.18921198831008,19.53388763782658,0 -99.18912823603507,19.53404735961661,0 -99.18907848018318,19.53424714530247,0 -99.18908114121207,19.53437970891027,0 -99.1891150722971,19.53453414796488,0 -99.18916551901093,19.5347090480855,0 -99.18923207686187,19.5348119151352,0 -99.18930760593781,19.53495094553175,0 
							</coordinates>
						</LinearRing>
					</outerBoundaryIs>
				</Polygon>
			</Placemark>
			<Placemark>
				<name>AREA CARTAGENA RECONFIGURADO</name>
				<styleUrl>#tlalnepantla</styleUrl>
				<Polygon>
					<tessellate>1</tessellate>
					<outerBoundaryIs>
						<LinearRing>
							<coordinates>
								-99.16465959875384,19.62812904219441,0 -99.16423803651054,19.62615204136396,0 -99.16395254612381,19.62440615495778,0 -99.16368283913488,19.62257686349433,0 -99.16386571924684,19.62199018990073,0 -99.16366667420772,19.6218022980048,0 -99.16356077810785,19.62057918918787,0 -99.1635048698172,19.61985188765462,0 -99.16349807522478,19.61938321320186,0 -99.16348356665331,19.61917383736697,0 -99.16324073674579,19.61897611642377,0 -99.16221814039262,19.61900690810497,0 -99.16069947531221,19.619116925122,0 -99.16065589650401,19.61689200254201,0 -99.16061240579101,19.61043124094111,0 -99.16063560499549,19.60993045504417,0 -99.16063893875395,19.60940878912652,0 -99.16063305730174,19.60912265445663,0 -99.16062936795545,19.60882586518043,0 -99.16053573697924,19.60871249312203,0 -99.16026679995575,19.60867504032193,0 -99.15792985807062,19.6084561642609,0 -99.15720875223155,19.608362617847,0 -99.15750102775741,19.60711409782734,0 -99.15780612414116,19.60583570374902,0 -99.1582631231832,19.60582446931318,0 -99.15826467922101,19.60605625983962,0 -99.15848202563559,19.60605420617255,0 -99.1588124752619,19.60569344955193,0 -99.15894572290438,19.60510841608204,0 -99.15906711654713,19.60464005972376,0 -99.15910973811866,19.60457248757355,0 -99.15924281785739,19.60354050659912,0 -99.15959302303131,19.60200100100147,0 -99.15968281106247,19.60156158956813,0 -99.15885017810577,19.60144352401815,0 -99.15839008485392,19.60139404973755,0 -99.15826965486507,19.60132769104079,0 -99.1564551879261,19.60133631678446,0 -99.15615935912827,19.60099380858087,0 -99.15415855418019,19.60079526775206,0 -99.15410251354497,19.60010129920511,0 -99.15390921046426,19.59925638143275,0 -99.15250779358523,19.59888342646301,0 -99.15237268396665,19.59790582605541,0 -99.15224614971935,19.59741102996438,0 -99.15217596595943,19.59678550503412,0 -99.15204653191319,19.59512386641984,0 -99.15154229825445,19.59485380911691,0 -99.14655342502495,19.59162271224122,0 -99.14688286825859,19.59156116425971,0 -99.1471648010307,19.59247500251214,0 -99.14608571654287,19.59166791218135,0 -99.14554423678648,19.59139390991834,0 -99.14482987154943,19.59049352765537,0 -99.14364013433988,19.58969022994245,0 -99.14317734108704,19.58963729335655,0 -99.14262115181958,19.58931199999109,0 -99.14210152923536,19.58920899933331,0 -99.14100472807053,19.58850539260494,0 -99.14051671509496,19.58764444937484,0 -99.14032872286833,19.58748443709017,0 -99.14005862408065,19.58738098485613,0 -99.1397484946727,19.58734295274005,0 -99.13901055089876,19.58751209243727,0 -99.13883681248419,19.58724711521061,0 -99.13835971261901,19.58692582726918,0 -99.13779570511753,19.58675727783028,0 -99.13682115511479,19.58619260851505,0 -99.13635717971643,19.58558117531231,0 -99.13574142625178,19.58519545184917,0 -99.13526334607494,19.5846435695158,0 -99.13476684924792,19.58428491161196,0 -99.13371979815584,19.58394944157292,0 -99.1338746206446,19.58430514715653,0 -99.13435995832671,19.5849296775061,0 -99.13455526927349,19.58542503429214,0 -99.13459607747178,19.58575215628806,0 -99.13406812782583,19.58556314351264,0 -99.13378332444701,19.58539836331195,0 -99.13349825442425,19.58539913505723,0 -99.13334502612453,19.58560339917793,0 -99.13321444792568,19.58613475917187,0 -99.13314890867737,19.58656649090861,0 -99.1329952495325,19.58677551518328,0 -99.13277449827169,19.5872156649211,0 -99.13266347370873,19.58748908804204,0 -99.13211873437852,19.58758263407499,0 -99.13176727973038,19.5879354925763,0 -99.1316541662457,19.58814919041784,0 -99.13115049267144,19.5883745469758,0 -99.13033028505936,19.5882336729696,0 -99.12968274322628,19.58791731758349,0 -99.12924057826622,19.58788138968515,0 -99.12884527092196,19.58815060901295,0 -99.12847851745053,19.58816750606527,0 -99.12796070857596,19.58787564099683,0 -99.12792805104843,19.58744275896807,0 -99.12763909844519,19.58697980783553,0 -99.12741871628536,19.58695907523394,0 -99.12712629326131,19.58709701811654,0 -99.1269423361595,19.58721483237706,0 -99.12629651775333,19.58698770118272,0 -99.12606527795326,19.58705405531105,0 -99.12580237254907,19.58721970434433,0 -99.12548040385197,19.58766415086049,0 -99.12535225042458,19.58774537665988,0 -99.12583618116447,19.58944181318195,0 -99.12420268917064,19.5922628473171,0 -99.1217809018346,19.59485464671583,0 -99.11897987373466,19.59837351884231,0 -99.12348656670568,19.60448863399309,0 -99.13077528175783,19.61474652509619,0 -99.12730036827723,19.61757483615806,0 -99.12612658985218,19.62585782339665,0 -99.1264877274067,19.63050484876258,0 -99.12820548956697,19.63638234654324,0 -99.12479642816228,19.63788451883784,0 -99.12393950608198,19.64167786780653,0 -99.11988376169897,19.65431817183344,0 -99.11795477470923,19.65890028513173,0 -99.11630232171257,19.66665373628401,0 -99.11821514195313,19.66729341279181,0 -99.11013866959945,19.68826558459615,0 -99.11002352170887,19.68865770500656,0 -99.10956287437691,19.6885304563831,0 -99.1083881301099,19.6882067401488,0 -99.10755306985627,19.68799629929526,0 -99.10670703490032,19.68776922519361,0 -99.10655592413127,19.68888031456655,0 -99.10624709306366,19.6907583459687,0 -99.10589290850183,19.69269350127239,0 -99.10573534896096,19.69360120314074,0 -99.10512536018794,19.6938675156759,0 -99.1046437090034,19.69511966113337,0 -99.10663281180966,19.69594659539026,0 -99.10629172937404,19.6967863677806,0 -99.10678062823226,19.69699674260886,0 -99.1065193051045,19.69751370453944,0 -99.10820301869008,19.69822927695559,0 -99.10866843453238,19.69768198041393,0 -99.1089361306699,19.69775264077439,0 -99.10872215089748,19.69845174178708,0 -99.10989557586849,19.69882027401338,0 -99.11027815539522,19.69841885150468,0 -99.11069996630791,19.69816376627725,0 -99.11110094321562,19.69760173974307,0 -99.11216624109487,19.69796511814428,0 -99.11218984039277,19.6979328132438,0 -99.11251480336389,19.69803358825794,0 -99.11272917662517,19.69745592345969,0 -99.11361654250922,19.69767968597108,0 -99.11475287755933,19.69797044396588,0 -99.11597329418339,19.69823008146408,0 -99.11619864884658,19.69828061927892,0 -99.11651658918917,19.69833930837655,0 -99.11603751069052,19.69963356969703,0 -99.11647536178211,19.69973662803512,0 -99.11662881317744,19.69981419325285,0 -99.11691956345516,19.69995272177134,0 -99.11745657419574,19.70020706927635,0 -99.11826651430486,19.70069139847253,0 -99.11923394297179,19.70132952021255,0 -99.12004915067702,19.70188607990207,0 -99.12047610852908,19.7022252905667,0 -99.12119321380506,19.70279637187695,0 -99.1214535965299,19.70301817110837,0 -99.12197387784427,19.70329177310449,0 -99.12242971094669,19.70348887010561,0 -99.12313540422532,19.70378487980878,0 -99.12363073049345,19.70401332841783,0 -99.12406855391953,19.70434245419972,0 -99.12512728394557,19.7048935536185,0 -99.12514561242052,19.7046333287196,0 -99.12584434878758,19.70304208250486,0 -99.12716141701088,19.70348051550654,0 -99.12937361680366,19.70429898396564,0 -99.1305740802451,19.7045526520247,0 -99.13069060633808,19.70369012185052,0 -99.13075192554393,19.70314479112616,0 -99.1307589044513,19.70258932040024,0 -99.13088558683157,19.70217652034592,0 -99.13107111741297,19.70059237494175,0 -99.13113396431427,19.70010985730886,0 -99.13121038343436,19.69938351260242,0 -99.13127627840272,19.69889005814201,0 -99.13138649055938,19.69878927120835,0 -99.13172509587437,19.69865695219069,0 -99.13196926507266,19.69843285661468,0 -99.13264057233843,19.69794952196673,0 -99.133338521794,19.69739756259994,0 -99.13392731094363,19.69702767365972,0 -99.13429193066528,19.69682380895654,0 -99.13536892402924,19.69652349373538,0 -99.13624208937389,19.69624466079069,0 -99.13632176479197,19.69625051490448,0 -99.13671546696517,19.69604295257113,0 -99.13727119867939,19.69570240192042,0 -99.13748812388039,19.69576255147494,0 -99.13844848226148,19.69487140018331,0 -99.13957871344959,19.69379179569148,0 -99.14135058487253,19.69212256926283,0 -99.14188421449633,19.69162227054708,0 -99.14188353555352,19.69156271209987,0 -99.14367810932391,19.68990780994889,0 -99.14787958563946,19.69061081868181,0 -99.14802736771115,19.69049813781484,0 -99.14820435668886,19.69024606593069,0 -99.1486033646768,19.68970974145519,0 -99.1492078702959,19.68698709145073,0 -99.1494465354192,19.68569490372016,0 -99.14980299223157,19.68380638740553,0 -99.15257503843922,19.67681621737752,0 -99.15530157575593,19.67601250682977,0 -99.15692362713416,19.67546180435054,0 -99.15866768262921,19.67481064168257,0 -99.16122359401329,19.67396130382865,0 -99.16486202816054,19.67274388039972,0 -99.1658543230332,19.67081852377975,0 -99.16726761836159,19.66889314122997,0 -99.16910195218863,19.66730746222071,0 -99.16994396783731,19.66634470296835,0 -99.1701858878491,19.66539863670459,0 -99.17016557976208,19.66497459479467,0 -99.16992089048159,19.66315615189907,0 -99.17002882338286,19.66241468422365,0 -99.17070752849403,19.66261376077284,0 -99.17081999925909,19.66264517124133,0 -99.17092893984587,19.66201314590498,0 -99.17074326221224,19.66191170943868,0 -99.17033437663729,19.66143703275951,0 -99.16992040562047,19.66070995867878,0 -99.16881953990618,19.66056057197099,0 -99.16907743243451,19.65939901765385,0 -99.1694274617643,19.65850539277564,0 -99.16974617272423,19.65776049799427,0 -99.16922360226208,19.65767918759514,0 -99.16859552844387,19.65752728156944,0 -99.16721034091746,19.65722434173207,0 -99.16753284296553,19.65594286576506,0 -99.16869045103391,19.65178396400185,0 -99.16821311156689,19.65169546132099,0 -99.16880382860253,19.64954538682104,0 -99.1676757896961,19.64931810974784,0 -99.16821243987822,19.64746082414033,0 -99.16688486160558,19.64724640604239,0 -99.16662294558057,19.64743509829395,0 -99.16668807146694,19.6468457723264,0 -99.16687659361614,19.6461065025549,0 -99.1669405301618,19.64577740381455,0 -99.16740545653695,19.64588760906343,0 -99.16765171880446,19.64556840791963,0 -99.16783162613952,19.64526849277889,0 -99.16790093585938,19.6447700447869,0 -99.16681689005291,19.64453255077372,0 -99.16644494360901,19.64444355293992,0 -99.16711565421321,19.64175343532243,0 -99.16733927425911,19.64029842849747,0 -99.16737963467838,19.64013178085891,0 -99.16710696669638,19.6392354535131,0 -99.16649932357848,19.63659676083896,0 -99.16538079226422,19.63169772465144,0 -99.1651330481666,19.63055761531999,0 -99.16501211607793,19.63063038808244,0 -99.16495432948597,19.62997746140809,0 -99.1649880384945,19.62966029060447,0 -99.16481588392224,19.62872777511586,0 -99.16465959875384,19.62812904219441,0 
							</coordinates>
						</LinearRing>
					</outerBoundaryIs>
				</Polygon>
			</Placemark>
			<Placemark>
				<name>Villa de las Flores_RECONF</name>
				<styleUrl>#tlalnepantla</styleUrl>
				<Polygon>
					<tessellate>1</tessellate>
					<outerBoundaryIs>
						<LinearRing>
							<coordinates>
								-99.10585939100132,19.66384219787819,0 -99.09795183469495,19.66214706921213,0 -99.09389924631117,19.66125494677604,0 -99.09692359514646,19.64844899666321,0 -99.09809539142441,19.64301900282674,0 -99.09995543490048,19.63466834837793,0 -99.09885108317903,19.63462223146387,0 -99.09608286830129,19.63354749769196,0 -99.09396154216397,19.63291521383926,0 -99.09366333092198,19.63214434557209,0 -99.09356267035602,19.63209816779467,0 -99.09268165932058,19.63183303582341,0 -99.09272500475072,19.63285949699708,0 -99.09047649961059,19.6419619298902,0 -99.09021524029313,19.64210712877363,0 -99.0881338743873,19.64178272618076,0 -99.08461672327361,19.64113440985835,0 -99.07927993332959,19.64043094473235,0 -99.07684916153484,19.64021173614171,0 -99.07677995677923,19.64556225142919,0 -99.07351449053104,19.64485042817458,0 -99.07215480280664,19.64577487562168,0 -99.06723428258302,19.65503307432018,0 -99.06935037114921,19.65886618406512,0 -99.06298195264903,19.66023071493633,0 -99.08352657602276,19.70089514971591,0 -99.08925457503956,19.69594948237767,0 -99.09610642095291,19.68994215276616,0 -99.10035962447594,19.68614684622307,0 -99.10989001265648,19.68842679560074,0 -99.11806262155675,19.66734431201678,0 -99.11629692938645,19.66677689639423,0 -99.1160300769732,19.666736692158,0 -99.10927654683134,19.66482136752759,0 -99.10585939100132,19.66384219787819,0 
							</coordinates>
						</LinearRing>
					</outerBoundaryIs>
				</Polygon>
			</Placemark>
		</Folder>
		<Folder>
			<name>ZONA ATIZAPAN</name>
			<Placemark>
				<name>CD EL VIDRIO</name>
				<styleUrl>#atizapan</styleUrl>
				<Polygon>
					<tessellate>1</tessellate>
					<outerBoundaryIs>
						<LinearRing>
							<coordinates>
								-99.2732247737726,19.6464967772772,0 -99.26368940480896,19.64689341407527,0 -99.26243640125757,19.65101025621189,0 -99.26113746226675,19.65384870524921,0 -99.25644685685752,19.65657651634949,0 -99.25415896906129,19.65807216572451,0 -99.25125119357665,19.66014209887849,0 -99.24678952864278,19.65928112271339,0 -99.24396371281237,19.6605385573461,0 -99.24304305962407,19.66109417632976,0 -99.24143328657047,19.66082004751504,0 -99.24015142290126,19.66231587243213,0 -99.23951301579515,19.6634387529616,0 -99.23731366796714,19.66328022479292,0 -99.23561212636636,19.66406012056383,0 -99.23577008708673,19.66555104312126,0 -99.23405146333734,19.66549349537463,0 -99.23101544350864,19.66859641527336,0 -99.23031115903699,19.66993773130107,0 -99.23099254206885,19.67312764768318,0 -99.24512718310869,19.67558212397571,0 -99.24696749352805,19.6754018081197,0 -99.25199858850689,19.67719669637231,0 -99.25453246290724,19.67742199418404,0 -99.25553664526753,19.67836995908528,0 -99.25475885561971,19.67928370982175,0 -99.25525160796634,19.68015597736095,0 -99.25034354207469,19.68334668523477,0 -99.24932999970356,19.68442029696546,0 -99.2524937108445,19.68658296379657,0 -99.25355321280421,19.68862036886113,0 -99.2528062914247,19.6924861674782,0 -99.26271474228614,19.70350530634895,0 -99.29563569764582,19.70711495031663,0 -99.30419697173566,19.73171529714913,0 -99.39247334629516,19.77390294498258,0 -99.41428271285291,19.74555538271272,0 -99.41827632057399,19.73151349264446,0 -99.4189272799121,19.72677063446185,0 -99.42204747495853,19.72528320902459,0 -99.42461494043685,19.72174340387234,0 -99.42892273664377,19.715203472693,0 -99.43355252993113,19.70425017190821,0 -99.44052472698718,19.68563878208533,0 -99.44901039029826,19.66891760679472,0 -99.4528455278105,19.65815498105763,0 -99.45633312815494,19.62211675777373,0 -99.50668539245923,19.61175470731167,0 -99.50504250193526,19.60782061289881,0 -99.51175863498479,19.60412886255465,0 -99.51564666076166,19.59436463970407,0 -99.51036253166318,19.58684241971628,0 -99.51115286197718,19.57297585216812,0 -99.50977577760811,19.56544673127674,0 -99.51193196833738,19.5530325412123,0 -99.50234692280101,19.55220374315938,0 -99.49807893184402,19.54930080919446,0 -99.49267108001557,19.5342519681066,0 -99.47442893796988,19.51028906462386,0 -99.46053973824942,19.504443058016,0 -99.45344365793265,19.50226763102178,0 -99.45169781174656,19.4999269284339,0 -99.45019073593103,19.49796536129797,0 -99.44812258323913,19.49631944422705,0 -99.44028583426923,19.49319514211452,0 -99.43332199364961,19.491202375166,0 -99.43229309198745,19.49171090493,0 -99.43187818690573,19.49233390017124,0 -99.43192957821645,19.49495781371242,0 -99.43235422596786,19.4961919487882,0 -99.43139066506787,19.49844641536693,0 -99.42798856906758,19.50092302312647,0 -99.42573404759533,19.50182375582527,0 -99.41051011823392,19.50835059918852,0 -99.39059473208182,19.5100082034133,0 -99.3867051266665,19.51312904477493,0 -99.37921657547965,19.51280430021619,0 -99.36797261377781,19.51692863771066,0 -99.36157831955552,19.52242450108974,0 -99.35888084404296,19.52855218803683,0 -99.3546929386565,19.53429261141452,0 -99.35050427023323,19.54004219288362,0 -99.349456875066,19.54163475815591,0 -99.34766750612228,19.54328181168413,0 -99.34809458373159,19.54613866672165,0 -99.34505867631326,19.54742222030759,0 -99.33921271769348,19.54788772536451,0 -99.33451778565775,19.55183268832551,0 -99.33524532523801,19.55822859220205,0 -99.33239849932998,19.57320477792103,0 -99.33174153931391,19.57382237719169,0 -99.33056537388418,19.57468751567084,0 -99.3303769556147,19.57575983394257,0 -99.32914103223222,19.57664920603832,0 -99.32833393887702,19.57783084838274,0 -99.32817547949472,19.5786820434372,0 -99.32678039279813,19.57841749979595,0 -99.32559826648168,19.57896513160708,0 -99.32209575623412,19.57990095287548,0 -99.32153965631491,19.58152181467664,0 -99.32355452891672,19.58351046876197,0 -99.32320547760928,19.58448074791584,0 -99.32355303434501,19.58522426076193,0 -99.32280173301372,19.58598501640244,0 -99.32211218024781,19.58668835855616,0 -99.3205259762377,19.5873120128912,0 -99.31960501496933,19.58881935132962,0 -99.3156039857551,19.58997395795634,0 -99.31335965126394,19.59267320416345,0 -99.31364559087501,19.59392321609241,0 -99.3134876749066,19.59507101481557,0 -99.31326551418022,19.59549728832377,0 -99.31299269755606,19.59591835448507,0 -99.31363079663723,19.59631514641436,0 -99.31315008113016,19.59699859183657,0 -99.31287943799454,19.59752734388826,0 -99.31286496647554,19.59909032070548,0 -99.31327961945676,19.59992289091386,0 -99.31374942108008,19.60025350789694,0 -99.31385194979524,19.6006538716536,0 -99.31418425500864,19.6012200997095,0 -99.3144734539478,19.60191294098192,0 -99.31460169866418,19.60253699713726,0 -99.31458078543079,19.6027560370648,0 -99.31460088524652,19.60366370322338,0 -99.31463999990314,19.60414316638833,0 -99.31473923191075,19.6046640896369,0 -99.31489374155473,19.60511804522882,0 -99.31533207918554,19.60585540534216,0 -99.31565931888402,19.60623783085294,0 -99.31584741317614,19.60663015131639,0 -99.31591153014423,19.6069461657873,0 -99.31446764412227,19.6095512628353,0 -99.31588129697997,19.60988738883234,0 -99.31887290937995,19.61071245878284,0 -99.31883784512148,19.61186104185101,0 -99.31865568115276,19.61284716853248,0 -99.31843773319275,19.61311725978554,0 -99.31759935211043,19.61548136789384,0 -99.31510984112987,19.61669188399789,0 -99.31360313729185,19.61633711876454,0 -99.31247662326196,19.61670890379941,0 -99.31302001316749,19.61703346983301,0 -99.31297198747937,19.61771881903181,0 -99.3130496688014,19.61836199396203,0 -99.31260531502316,19.61908523438773,0 -99.31244896738433,19.6193852869972,0 -99.31113534767312,19.61890097105653,0 -99.30957409798162,19.61859030854706,0 -99.30856424205858,19.61841250605673,0 -99.30791976829364,19.61832443926141,0 -99.3072079347367,19.61859767246063,0 -99.30521613321673,19.61790011351859,0 -99.30413573371578,19.61816322102096,0 -99.30346900732955,19.61796740886738,0 -99.30285604143059,19.61765648468548,0 -99.30082136685078,19.61720712191818,0 -99.29975014631444,19.61598526834761,0 -99.29981581326486,19.61309738848293,0 -99.29842455522081,19.6113192422497,0 -99.29759764283811,19.61038800815249,0 -99.29701830482946,19.60989988609668,0 -99.29636443543482,19.60922351831659,0 -99.2939098431093,19.6071652493274,0 -99.29259400035387,19.60669369061623,0 -99.29277363992234,19.60795148547654,0 -99.29237975920559,19.60845267201326,0 -99.29192650246127,19.61051484037994,0 -99.29125461079269,19.61115202396665,0 -99.29040308736694,19.61033099804377,0 -99.28955208834964,19.61035250852468,0 -99.28831356608258,19.61065297277343,0 -99.28752036319351,19.61075006622231,0 -99.28722158416464,19.61074913189261,0 -99.28697528065658,19.61076374459032,0 -99.28674039886016,19.61075986030928,0 -99.28628118883012,19.61171472771741,0 -99.28587813327066,19.61310949723456,0 -99.28536619639839,19.61322234516969,0 -99.28574922236119,19.61419429787423,0 -99.28576467337575,19.61525262513208,0 -99.28603127864403,19.61615498736551,0 -99.28598480375928,19.61715509312697,0 -99.2855977560702,19.61819613979644,0 -99.28526379601564,19.61930494635377,0 -99.28480285811534,19.61985227927929,0 -99.28374956228535,19.62061311970369,0 -99.2833090150648,19.62112920448497,0 -99.28266443417881,19.62197757835186,0 -99.28254864822937,19.62280498746135,0 -99.28294877179944,19.62320454964002,0 -99.2837324070621,19.62332599873042,0 -99.28538498721554,19.62292559397017,0 -99.28620232534713,19.62322790825224,0 -99.28791957901161,19.62337688684833,0 -99.28935399118738,19.62264153360836,0 -99.29015887937381,19.62300694401369,0 -99.29010772377053,19.6234931698793,0 -99.29006729691451,19.62382799040703,0 -99.28970383561715,19.62428814795765,0 -99.28974930515813,19.62471692615674,0 -99.28975013279418,19.62493048808893,0 -99.28968983610466,19.62509203080863,0 -99.28964440066805,19.62520649789554,0 -99.28954212626226,19.62525390368812,0 -99.2893768472876,19.62542789705914,0 -99.28915639864132,19.6256096028154,0 -99.28914184527319,19.6258367110557,0 -99.28920205864964,19.62598117320414,0 -99.28921989829604,19.62618245132141,0 -99.28931488045211,19.62635566686288,0 -99.28933278341728,19.62664611350907,0 -99.28932976280744,19.62682386922118,0 -99.28899313663277,19.62667172806691,0 -99.28861487805709,19.62659591563267,0 -99.28826851658476,19.626467012618,0 -99.28801377772022,19.62607881238025,0 -99.28791991858724,19.62587272334342,0 -99.28780187712111,19.62558429975109,0 -99.28770680872211,19.62528498402134,0 -99.28760381299823,19.62508498463413,0 -99.28742322640122,19.62490899538467,0 -99.28720575998942,19.62490973286418,0 -99.28702510011928,19.62495717191201,0 -99.28682118151806,19.62495500816622,0 -99.28651545882275,19.62534711586681,0 -99.28618059735265,19.62548388208166,0 -99.28585772501602,19.62548459491869,0 -99.28552598544528,19.62543067730331,0 -99.28507079696548,19.62547718023928,0 -99.28486724859962,19.62528454629479,0 -99.28471284900164,19.62520625546716,0 -99.2844259098695,19.62527749996312,0 -99.28427380241314,19.62538795138244,0 -99.28409420700812,19.62558539294608,0 -99.28386972149487,19.62564161158177,0 -99.28360023529451,19.62575373613568,0 -99.2834320734346,19.62598498245637,0 -99.28343740836996,19.6263946301466,0 -99.28370934752256,19.6269990170805,0 -99.28329553390567,19.62705527324432,0 -99.28276563890047,19.62658532373997,0 -99.28199793863305,19.62642042268205,0 -99.28080013987682,19.62686560858748,0 -99.28026186699316,19.62628519715587,0 -99.27885668890384,19.62612228078221,0 -99.27814449326767,19.62681501553276,0 -99.27742127284981,19.62684409705993,0 -99.2774226478419,19.62809219273846,0 -99.27771686626447,19.63002407808049,0 -99.27696256392582,19.63133540765102,0 -99.27641131456255,19.63296644156649,0 -99.27638508760833,19.63426677985823,0 -99.2771414230164,19.63453969811736,0 -99.27902717883502,19.63495440135485,0 -99.28169750604042,19.63464770414861,0 -99.28328638176576,19.63779093118263,0 -99.28223280327703,19.6411043531581,0 -99.27863803193853,19.64349886498506,0 -99.27887337909402,19.64467033226663,0 -99.27910795311099,19.64478065421926,0 -99.27949271828221,19.64598028772684,0 -99.27948679064556,19.64711924147144,0 -99.2732247737726,19.6464967772772,0 
							</coordinates>
						</LinearRing>
					</outerBoundaryIs>
				</Polygon>
			</Placemark>
			<Placemark>
				<name>CD LOMAS VERDES</name>
				<styleUrl>#atizapan</styleUrl>
				<Polygon>
					<tessellate>1</tessellate>
					<outerBoundaryIs>
						<LinearRing>
							<coordinates>
								-99.40657556217569,19.4531979599396,0 -99.39790156443919,19.4453012558905,0 -99.3890094293821,19.44346685294049,0 -99.37643530819616,19.44690384969578,0 -99.36624266793348,19.45723264630192,0 -99.34388246491744,19.46193885957054,0 -99.33900772579761,19.46064336654492,0 -99.32945237071281,19.46802169347152,0 -99.32256397038729,19.47174697245539,0 -99.31842556581886,19.47370243193593,0 -99.3160161670795,19.4733497078246,0 -99.31320433688393,19.47515590877799,0 -99.30800001835705,19.4749373906365,0 -99.30351058164364,19.48129700221767,0 -99.30191649674597,19.48503407069384,0 -99.29825134867053,19.48714027750011,0 -99.29502686110331,19.49085756069035,0 -99.29282921757041,19.491363270561,0 -99.29235932008108,19.49231077124931,0 -99.29150355115513,19.49266010700844,0 -99.29082762530692,19.4932284908514,0 -99.28968632475103,19.49338873402894,0 -99.28886384996491,19.49403634764987,0 -99.28836793474287,19.49504296060472,0 -99.28740715334327,19.49627906165764,0 -99.28734389767982,19.49647836798293,0 -99.28722764533697,19.49648841512455,0 -99.28710081559754,19.49648850684438,0 -99.28703738481587,19.49646862660069,0 -99.28691063368802,19.49656834879606,0 -99.28690032464904,19.49689713823895,0 -99.2867631286278,19.49715627918541,0 -99.28637222742239,19.49736578992423,0 -99.28617138550445,19.49733604623634,0 -99.28599652733189,19.49761353961341,0 -99.28586978462474,19.49772322336004,0 -99.28579590306117,19.49785279518571,0 -99.28565858348269,19.49795252282499,0 -99.28524638959706,19.49795281525563,0 -99.28489753252741,19.49785343199327,0 -99.28463336167856,19.49792335874206,0 -99.28453843644142,19.49817249930097,0 -99.28439053271084,19.49825230661144,0 -99.28413679005828,19.49814289174253,0 -99.28350704615374,19.49864902062082,0 -99.28347322590587,19.4988991522353,0 -99.28293610738059,19.49932919681825,0 -99.28269859588326,19.50010533784027,0 -99.28243346029633,19.50035563053969,0 -99.28153434620076,19.50072649614684,0 -99.28197241897799,19.50156264752543,0 -99.28261642339345,19.50284278614101,0 -99.28261259040808,19.50410169690449,0 -99.28279196933283,19.50459807030406,0 -99.28218578599197,19.50463023635928,0 -99.28141048704758,19.50475853878143,0 -99.28073075054668,19.50531225947721,0 -99.28015551273957,19.50586113890088,0 -99.28010204808093,19.50672848860641,0 -99.27990408695531,19.507383361465,0 -99.27965170790645,19.50765563230999,0 -99.2795256824097,19.50800743360519,0 -99.2794451375896,19.50885779483908,0 -99.27912928827472,19.50870495174026,0 -99.27891264418352,19.50851802935781,0 -99.27881320875942,19.50824599749141,0 -99.278632629669,19.50803354117167,0 -99.27854279060719,19.50852677988518,0 -99.27806481071035,19.5087056637449,0 -99.2781647960912,19.5097174684344,0 -99.27751315203709,19.51017615190219,0 -99.27725185179415,19.51059297511936,0 -99.27705339483306,19.51060160916961,0 -99.27686389588396,19.51052520638643,0 -99.27676453213186,19.51034670724881,0 -99.2758352433537,19.51018575801143,0 -99.27538348596019,19.51207133833532,0 -99.2721393162541,19.51323421109895,0 -99.27079688957303,19.51575642045594,0 -99.26981466256203,19.51650296591225,0 -99.26742722574366,19.51189201657789,0 -99.26592888822539,19.51245986237681,0 -99.26535178361902,19.51287386286258,0 -99.26467413928087,19.51231299727401,0 -99.26214161941768,19.51187605242227,0 -99.26151189979423,19.51133619745269,0 -99.26114696093715,19.51141696624973,0 -99.26098876408196,19.51053500613978,0 -99.2593587921487,19.51178148635644,0 -99.25873280705851,19.51257575867093,0 -99.25834168545791,19.51319113420234,0 -99.25562436212323,19.51472843637267,0 -99.2551824876696,19.51635350634516,0 -99.25554308892998,19.51953656598826,0 -99.2541221045328,19.51978570297232,0 -99.25294254500292,19.51956159293749,0 -99.2535883546114,19.51810663335947,0 -99.25381356313979,19.51717916461183,0 -99.25399663988928,19.51674786185927,0 -99.25342151444454,19.5146834854621,0 -99.25327541788377,19.51411872474235,0 -99.25360150575673,19.5129877280839,0 -99.25414587061675,19.51161793619368,0 -99.25247897842563,19.51124706535153,0 -99.25217076276594,19.51182777806233,0 -99.25168185191046,19.5117127985494,0 -99.24935699328691,19.51355360087502,0 -99.24666414066425,19.51265920700597,0 -99.24653919227033,19.51262838002471,0 -99.24630424051972,19.51254482512871,0 -99.24297275391876,19.51835333143785,0 -99.24196627567464,19.52062214073222,0 -99.24008453319814,19.52152186283323,0 -99.23854720397384,19.52215940536419,0 -99.23681972820962,19.52560302137435,0 -99.23656884675731,19.52603160866218,0 -99.23786624418524,19.52668559042599,0 -99.23913958968285,19.52774477449922,0 -99.24100593462144,19.52792368697413,0 -99.24188494783259,19.5278495366741,0 -99.24499388312191,19.52852759905476,0 -99.24674929988666,19.52973426843219,0 -99.24747628298626,19.53002657361843,0 -99.24805232485568,19.53020827344891,0 -99.2511203799917,19.53227180728047,0 -99.25082109039556,19.53294330330546,0 -99.25354643917998,19.53542216786716,0 -99.25554133043987,19.53911236955511,0 -99.25584994540895,19.53984892324926,0 -99.25639395386372,19.54080195827998,0 -99.25653306634119,19.54193675392821,0 -99.25736222191082,19.54425569186307,0 -99.25865033536083,19.54640009581275,0 -99.25869190179459,19.54653644869046,0 -99.25935709105696,19.54671090732109,0 -99.26003009478917,19.5470086389056,0 -99.26172255489503,19.54690709370106,0 -99.263669576673,19.54700138559298,0 -99.26767283353884,19.54602982857946,0 -99.26996300382521,19.54675688460127,0 -99.27096835254768,19.54690469553361,0 -99.2702182487632,19.54817538577715,0 -99.26990800433077,19.54920655582436,0 -99.26972068172465,19.55000678814455,0 -99.27103988854653,19.55332042596561,0 -99.27345322906535,19.55356965725018,0 -99.27686328251845,19.55454016712803,0 -99.27658122382067,19.55923909194521,0 -99.2805905034524,19.56310284229811,0 -99.28362666019343,19.56255939368986,0 -99.28402354671445,19.56615214242505,0 -99.28632642037032,19.56896100820088,0 -99.28918989757467,19.57184036662845,0 -99.28936714537944,19.57137975237811,0 -99.29060608553002,19.5735342272542,0 -99.29161071708945,19.57765159630725,0 -99.29203170150286,19.57963387066085,0 -99.29136657712128,19.58161045357821,0 -99.29163022979209,19.58213319105265,0 -99.29093718834991,19.58239597660649,0 -99.30007132687494,19.58786925796221,0 -99.30315983000239,19.5899106400995,0 -99.30321758706005,19.58997853872376,0 -99.30345320622824,19.59001005693746,0 -99.30350605691001,19.58996924737351,0 -99.30587371623074,19.59117281125046,0 -99.30586423800285,19.59132229809909,0 -99.31015701739912,19.59319653379243,0 -99.31357325380361,19.59397042937568,0 -99.31330828651292,19.5926129191956,0 -99.31553797559815,19.58996072889626,0 -99.31797361780743,19.58929636904835,0 -99.31970183487479,19.58872644746273,0 -99.32049229192289,19.58726425862574,0 -99.32208892931735,19.58668585175169,0 -99.32352046022892,19.58512573120083,0 -99.32300759785156,19.5844206313301,0 -99.3233695519606,19.58352527059143,0 -99.32142853591647,19.58158500936353,0 -99.32196906247701,19.57995193527399,0 -99.32449948719091,19.5790540577445,0 -99.32585664391958,19.57892930546081,0 -99.32675258071379,19.57840650390102,0 -99.32826429063829,19.57860022878395,0 -99.32829180094851,19.57787475461811,0 -99.3287384679799,19.57715611540178,0 -99.3292016644977,19.57663957174761,0 -99.33004222399087,19.5759820651863,0 -99.3303348114177,19.57555400553078,0 -99.33046766812899,19.57470041720041,0 -99.33137639648947,19.57412357888657,0 -99.33187192551759,19.57371621446075,0 -99.33243172526257,19.5732053313467,0 -99.33273615664886,19.5727294165913,0 -99.33285438607487,19.57224958252018,0 -99.33292641894128,19.57147114797795,0 -99.3325136137138,19.57061143720051,0 -99.3324931939613,19.57018274309248,0 -99.33262682983427,19.56987148894846,0 -99.33305060267213,19.5695087081119,0 -99.33514045346536,19.55821588150673,0 -99.33439873680445,19.55183232027391,0 -99.33917581664228,19.54794831839045,0 -99.34464803976945,19.5475608538885,0 -99.34798381116869,19.54600428619136,0 -99.34770944919985,19.54335220821963,0 -99.35531818912868,19.53270738859936,0 -99.35866429991306,19.52756264336827,0 -99.36157349939914,19.52163593432901,0 -99.36857362793629,19.51634877632869,0 -99.37914685165023,19.51240145824643,0 -99.38664775690225,19.51314150520222,0 -99.39046506910636,19.50988597778821,0 -99.40210334620822,19.5089104333289,0 -99.41030846121723,19.50813871908922,0 -99.42492433282169,19.50197126924174,0 -99.42621258974947,19.50136057320063,0 -99.42657297713902,19.50139848530428,0 -99.42698130635678,19.50117526889342,0 -99.42741698783897,19.50086018793973,0 -99.42785298769812,19.50073860271753,0 -99.42823780882907,19.50070174749887,0 -99.42849443648227,19.50072555081396,0 -99.42878942998492,19.50067673576104,0 -99.42904540603099,19.50031355080593,0 -99.42932758849355,19.50027684812984,0 -99.42959653343361,19.49999829757292,0 -99.42992950042473,19.49964709076871,0 -99.43017292746789,19.49945323164122,0 -99.43017290702861,19.49944113832208,0 -99.43063543214414,19.49859357738927,0 -99.43231444434129,19.49607104228203,0 -99.43189295007288,19.49489743742985,0 -99.43185433760929,19.49235845427848,0 -99.43227721019159,19.4916827979873,0 -99.43343291138251,19.49117704708265,0 -99.43200407902798,19.48949776918188,0 -99.44104175487722,19.48610211217348,0 -99.43488192439685,19.48109513380589,0 -99.42559916138813,19.47214878077934,0 -99.41967786599835,19.46643277926976,0 -99.41688014110083,19.46017388068544,0 -99.41315306200855,19.45931751362043,0 -99.41101282874601,19.45453972963615,0 -99.40657556217569,19.4531979599396,0 
							</coordinates>
						</LinearRing>
					</outerBoundaryIs>
				</Polygon>
			</Placemark>
			<Placemark>
				<name>CD SE ATIZAPAN</name>
				<styleUrl>#atizapan</styleUrl>
				<Polygon>
					<tessellate>1</tessellate>
					<outerBoundaryIs>
						<LinearRing>
							<coordinates>
								-99.23958948133175,19.58566597064719,800000 -99.24165944853688,19.58737177672126,800000 -99.24191696968825,19.58731506117532,800000 -99.24282817673874,19.58591115375964,800000 -99.243494164921,19.58451761095922,800000 -99.24454477972773,19.58553876095754,800000 -99.2450667913333,19.58651706262647,800000 -99.24515595744739,19.58757976789307,800000 -99.24527754110284,19.58821606278912,800000 -99.24502083424444,19.58883027198374,800000 -99.24509416179707,19.59053080800618,800000 -99.24623363351941,19.59191671270734,800000 -99.24648706785615,19.59206973040176,800000 -99.24620592320861,19.59224862062136,800000 -99.24636235922372,19.59253214989627,800000 -99.24586452034835,19.59278356430209,800000 -99.24661289908579,19.59419747761298,800000 -99.2479386035448,19.5943355451437,800000 -99.24980067566418,19.5939126519394,800000 -99.25209344883757,19.5929644230404,800000 -99.25594671372583,19.59291713804781,800000 -99.25868383561487,19.59280571371905,800000 -99.26268637778048,19.59720359095196,800000 -99.26274762002177,19.5972514637113,800000 -99.26328456879421,19.59746097543553,800000 -99.26630633384592,19.59827075470898,800000 -99.26914817329664,19.59931927791294,800000 -99.26900430484692,19.60005780548251,800000 -99.26731805088596,19.60497067982707,800000 -99.26827305719344,19.60526343232499,800000 -99.26917060214352,19.60608676382451,800000 -99.2700630561888,19.60710864221105,800000 -99.26949139592735,19.60794713663882,800000 -99.27006819467438,19.60830193389336,800000 -99.27416689572176,19.61136967518559,800000 -99.27655200119273,19.60953936395175,800000 -99.27900330115715,19.60799490124951,800000 -99.27977433822002,19.60906592458714,800000 -99.28110394941322,19.60978596463869,800000 -99.28272321608331,19.61025280584705,800000 -99.2841438308924,19.61176077260095,800000 -99.28527170577382,19.61309453325096,800000 -99.28587722696199,19.61320582221738,800000 -99.28625844916044,19.61179029370407,800000 -99.2867408225729,19.61074351287473,800000 -99.28740597657105,19.61075428332561,800000 -99.28816380046194,19.61066506276687,800000 -99.28865388129175,19.61060178435239,800000 -99.2896407767259,19.61030677095253,800000 -99.29046905784648,19.61032286645199,800000 -99.29124532525245,19.61118170541327,800000 -99.29163249816196,19.61072923178567,800000 -99.2919167971081,19.61051372995279,800000 -99.29208817715568,19.6095688240426,800000 -99.29215664995111,19.60901333571755,800000 -99.29234582110853,19.60844763287757,800000 -99.2928045236077,19.60784356459366,800000 -99.29260940807094,19.60663192672771,800000 -99.29347714038167,19.60695877193822,800000 -99.29509337397982,19.60786904939708,800000 -99.29637987285808,19.6092843023598,800000 -99.29707731699042,19.60965046410332,800000 -99.29763742690334,19.61042216244623,800000 -99.30020257075786,19.61333796160588,800000 -99.29974511463602,19.61595133370206,800000 -99.30079645791079,19.61719159060945,800000 -99.30278126616889,19.61759015081798,800000 -99.30417306646822,19.61809009814632,800000 -99.30521636172078,19.6179004761086,800000 -99.3079583778774,19.61829307322416,800000 -99.30909411585966,19.61844929153185,800000 -99.31077482155861,19.61881991619789,800000 -99.31245001185631,19.61936017076028,800000 -99.31303582046046,19.61832308762377,800000 -99.31298041249906,19.61766288025229,800000 -99.31300261997667,19.61730185981553,800000 -99.31302015158182,19.61704160802578,800000 -99.31277174042808,19.61688738532111,800000 -99.31265447267012,19.61682640372038,800000 -99.31256766697912,19.61676964281266,800000 -99.31246755663796,19.61670066220182,800000 -99.31354124114532,19.61634065748041,800000 -99.31501174189594,19.61669522358698,800000 -99.31516251222035,19.61647871710143,800000 -99.31582088896174,19.61614584421504,800000 -99.3175641860841,19.61544601476746,800000 -99.3180623527786,19.61413404565561,800000 -99.31836827560871,19.61313081362581,800000 -99.3186454705192,19.61282684631107,800000 -99.31883119635354,19.61188973474841,800000 -99.318848405419,19.61070804283176,800000 -99.31829375091839,19.61053023493974,800000 -99.31451338585008,19.60963502229891,800000 -99.31569566221866,19.60765413966497,800000 -99.3157501310201,19.60725924732315,800000 -99.31586260149994,19.60714130917137,800000 -99.31591783392899,19.60693440809984,800000 -99.31584808421059,19.6066314575584,800000 -99.31565153644183,19.60624892896546,800000 -99.31534633692257,19.6058558129679,800000 -99.31488078597904,19.60512339334542,800000 -99.31472723377696,19.60465285923564,800000 -99.31463084462345,19.60410668862884,800000 -99.31458088855149,19.60272969413111,800000 -99.31460136556196,19.60253795630803,800000 -99.31447212044786,19.60190856693896,800000 -99.31417640193006,19.60120395330479,800000 -99.31384818050326,19.6006592137855,800000 -99.31374658875868,19.6002458791593,800000 -99.31327670813357,19.59991906669731,800000 -99.31287176622462,19.59909581788184,800000 -99.3128774684328,19.59752214045292,800000 -99.31362711866618,19.5963235854309,800000 -99.31300185825135,19.59591528707866,800000 -99.31331229913341,19.59541769462494,800000 -99.31360022857294,19.59479340225045,800000 -99.31388721023202,19.5940546453587,800000 -99.31016966376106,19.59321397586312,800000 -99.3058483101422,19.59133433726182,800000 -99.30586624747056,19.59116790260983,800000 -99.3035086918961,19.58998075436342,800000 -99.30345272974598,19.5900284961332,800000 -99.30321617954156,19.58999518030396,800000 -99.30314984457905,19.58992168650953,800000 -99.292128853145,19.58313260849115,800000 -99.29084021757541,19.58245061882598,800000 -99.29119047327721,19.58233688080195,800000 -99.29160510804076,19.58206644868437,800000 -99.29141807519488,19.58152408636583,800000 -99.2919762334638,19.57972204142578,800000 -99.29057297222603,19.57351242100856,800000 -99.28937078906669,19.57137541872618,800000 -99.28920992781485,19.57167631070118,800000 -99.28921729458585,19.57188764211749,800000 -99.28635873282535,19.56905551484585,800000 -99.2839870021386,19.56615163820406,800000 -99.28362575666517,19.56258074239744,800000 -99.28060498830943,19.56315153710505,800000 -99.2765809567038,19.5592459338849,800000 -99.27288578648607,19.56379448137593,800000 -99.26632646699905,19.56218814269145,800000 -99.26398241524976,19.56135131291166,800000 -99.26159228551901,19.5607659108559,800000 -99.26030947774282,19.56049684637942,800000 -99.25812280874138,19.56114542473579,800000 -99.25587888114792,19.56169384787133,800000 -99.2551321053466,19.56164095698286,800000 -99.25463747942982,19.56517275728735,800000 -99.25364612113448,19.56602632849781,800000 -99.25243450122269,19.56572137184491,800000 -99.25167709917848,19.56672245026162,800000 -99.25127591459935,19.56659632942509,800000 -99.25045192844291,19.56626356354179,800000 -99.2494039038813,19.56584883173191,800000 -99.24883744068477,19.56747171697639,800000 -99.24688885395504,19.56681709552107,800000 -99.2437047589013,19.56605352415509,800000 -99.24354249547278,19.56455917376515,800000 -99.23556975990959,19.57232055403916,800000 -99.23644388319927,19.57522065416084,800000 -99.23669097148162,19.57617474517658,800000 -99.23737612184875,19.57925965627393,800000 -99.23938160453686,19.58352999782113,800000 -99.24032665458512,19.58531667097791,800000 -99.23958948133175,19.58566597064719,800000 
							</coordinates>
						</LinearRing>
					</outerBoundaryIs>
				</Polygon>
			</Placemark>
			<Placemark>
				<name>CD SE LECHERIA RECONFIGURADO</name>
				<styleUrl>#atizapan</styleUrl>
				<Polygon>
					<tessellate>1</tessellate>
					<outerBoundaryIs>
						<LinearRing>
							<coordinates>
								-99.16607792410414,19.63039480995518,0 -99.17124714578529,19.63163759033825,0 -99.17513539884429,19.63196517935375,0 -99.18053596026402,19.63291588016273,0 -99.1810667758359,19.62912898963859,0 -99.18600703274228,19.62961464143785,0 -99.19320276905592,19.62940150174113,0 -99.19419709891169,19.62954126304879,0 -99.19539522293211,19.63303799588617,0 -99.19655817896783,19.63285345699918,0 -99.19693602203705,19.63207646280682,0 -99.19799931373906,19.63154765143738,0 -99.19913520587667,19.63098595750629,0 -99.19975331011302,19.63075970701442,0 -99.20057121167002,19.63014542988084,0 -99.20216779887815,19.63322737639609,0 -99.20330539334662,19.63872662271977,0 -99.20690393487111,19.63889266883359,0 -99.20707031581949,19.63945503961191,0 -99.20885210060773,19.63892982783002,0 -99.2096362239775,19.63859825247137,0 -99.21133924478406,19.63809179516974,0 -99.21437173739388,19.6372785636059,0 -99.21894038324743,19.63614306805683,0 -99.22018858775353,19.63581226675901,0 -99.22590565495159,19.63420727211757,0 -99.22856012401162,19.63349317866888,0 -99.23184322826398,19.63475637482706,0 -99.2337608180394,19.63554513089624,0 -99.23069728462519,19.63836769082728,0 -99.23103858173229,19.64038795321592,0 -99.23093311639219,19.64117632760288,0 -99.23071864653825,19.64257110709684,0 -99.23208939863049,19.64586092232597,0 -99.2313530012581,19.64712685932329,0 -99.23169106605398,19.64749013684974,0 -99.23230951554692,19.64824783466165,0 -99.23066027042537,19.65232276279311,0 -99.2298603608985,19.65337167147435,0 -99.22895465529973,19.65350464648594,0 -99.2286790367681,19.65383386133437,0 -99.22780697001707,19.65678298730868,0 -99.23083805555227,19.6570971333635,0 -99.23095969076553,19.65749850744428,0 -99.2307829735435,19.65838955134615,0 -99.23189743143544,19.65923886885492,0 -99.23217677388935,19.65977783800586,0 -99.2328823048643,19.65947815030101,0 -99.23458282097909,19.6593239771935,0 -99.23486604593731,19.65878263904413,0 -99.23482355531193,19.65836961779731,0 -99.23493465053497,19.65827098830823,0 -99.23572862433599,19.65773620487317,0 -99.23615621235972,19.65750001422859,0 -99.23669775236145,19.65743860456713,0 -99.23710176353396,19.65744964679594,0 -99.23751297386806,19.65746636530309,0 -99.23790028188694,19.65807610926273,0 -99.2378177688846,19.65848698172828,0 -99.23785765084584,19.6590103562949,0 -99.23784492204507,19.65952283806675,0 -99.23774342346827,19.66010920757006,0 -99.23767356995471,19.66087497338146,0 -99.2377193547476,19.66205347870416,0 -99.23773713060825,19.66303695717338,0 -99.23961606956109,19.66315433090127,0 -99.24141343998693,19.66093125346296,0 -99.24286171530183,19.66107174896024,0 -99.24682359396903,19.65912021101,0 -99.25090850660742,19.65997555106328,0 -99.26092027177543,19.65368034539131,0 -99.26398388691408,19.64701890764083,0 -99.27928625290218,19.64697837136344,0 -99.27879017408775,19.64462830550781,0 -99.27871619528621,19.64324953632166,0 -99.28208303428953,19.64102324706766,0 -99.28285617524688,19.63801957130318,0 -99.2818303822251,19.63497950066564,0 -99.27676308532661,19.6343325264651,0 -99.27199551051183,19.63457738231056,0 -99.26732821548761,19.63433489707957,0 -99.26479794338466,19.63490411543253,0 -99.26218126987092,19.63555436015697,0 -99.25877254453734,19.63529667313368,0 -99.25457884512161,19.63762520031491,0 -99.25389003749933,19.63779703080563,0 -99.25282612922159,19.63806221663493,0 -99.25222740945952,19.63817962339574,0 -99.25142077571866,19.6394213878696,0 -99.25096564779992,19.63948835679991,0 -99.25056000727737,19.63937575341998,0 -99.25035881409801,19.63907499047509,0 -99.24951868100659,19.6382659862951,0 -99.24849573457685,19.63842020749418,0 -99.24810722634497,19.63885060804494,0 -99.24825001820271,19.63911416132856,0 -99.24809998941632,19.63939922498076,0 -99.24783320388568,19.63951178275307,0 -99.24704981493363,19.63923104786571,0 -99.24593544355979,19.6392561630742,0 -99.2447359997563,19.63992545634198,0 -99.24463316604314,19.64008609692821,0 -99.24446061990255,19.64001759942728,0 -99.24434016300786,19.64034310942181,0 -99.24344531250175,19.63776341228018,0 -99.24309421732148,19.63680426308783,0 -99.24281761660519,19.6360172508169,0 -99.2427101731738,19.63426274549232,0 -99.24259398631757,19.63170552389061,0 -99.24213711882447,19.63068023875876,0 -99.24118829276769,19.6292530559277,0 -99.23948503571333,19.62908986020857,0 -99.23692645822203,19.62870099616301,0 -99.23599703183633,19.62858337882076,0 -99.23526156013358,19.62850523408811,0 -99.23335885002413,19.62802933223506,0 -99.23181461723854,19.62851661522403,0 -99.23186307537659,19.62733016092129,0 -99.23202309724219,19.6264930650232,0 -99.23167106449336,19.62646484986816,0 -99.23099952222648,19.62672598386644,0 -99.23084575617393,19.62628707573913,0 -99.23055329653118,19.62619358794599,0 -99.22970186235345,19.62603478592882,0 -99.22888283280834,19.62586429858478,0 -99.22839126055774,19.62579956890414,0 -99.22763513773346,19.62567030999947,0 -99.22733328854737,19.62560402915102,0 -99.22715369181844,19.62553565526756,0 -99.22700156753444,19.62545146480663,0 -99.22687891452522,19.62536071482255,0 -99.22677747118804,19.62528753567808,0 -99.22654394500675,19.62509569094793,0 -99.2264080580032,19.625049142246,0 -99.2261098859636,19.62493980918638,0 -99.225746632881,19.62488126289811,0 -99.22521277998817,19.6248195380876,0 -99.22454687665613,19.62472836336807,0 -99.22407219534402,19.62460764195321,0 -99.22336190616211,19.6243264382321,0 -99.22236541706555,19.62394716463779,0 -99.22230755812058,19.62247921344902,0 -99.22270107679245,19.62219207261803,0 -99.22225880923259,19.62189389847491,0 -99.22062184909286,19.62098947347923,0 -99.21976518631423,19.62042498154216,0 -99.21961611698151,19.61932069131132,0 -99.21852105638781,19.61945302427314,0 -99.21720573508148,19.61955494574273,0 -99.21626630999457,19.61951468233518,0 -99.21609503690367,19.61885567929653,0 -99.2156340145677,19.61881361315891,0 -99.21511505559629,19.61882452733332,0 -99.21465006709572,19.61567898855107,0 -99.21362593405185,19.61556950212703,0 -99.21303048780022,19.61600180295311,0 -99.21208432517774,19.61592224714443,0 -99.2118212877231,19.61545474252293,0 -99.20990202885537,19.61474090174908,0 -99.20998994063415,19.61457888569136,0 -99.2098335365515,19.61412259306562,0 -99.21060769485312,19.61300587015495,0 -99.21066934088446,19.6128122259023,0 -99.2105939528528,19.61269605205338,0 -99.21043630899446,19.61232815854103,0 -99.21036773315745,19.61186343447664,0 -99.20993602896905,19.61168275416817,0 -99.2091685907473,19.61163765524094,0 -99.20872319207963,19.61150860820053,0 -99.20825725184118,19.61150865378026,0 -99.20809282621806,19.61172167222183,0 -99.20809285593022,19.61198631133721,0 -99.20838067048335,19.61223155803333,0 -99.20867533063628,19.61241871145881,0 -99.20924324213807,19.61250200921739,0 -99.20931708729444,19.61270652772398,0 -99.20910867205413,19.61290289431454,0 -99.20889155600584,19.61296018373361,0 -99.20862235266145,19.61321382237975,0 -99.208470365762,19.61320565646107,0 -99.20846165519674,19.61297658877287,0 -99.20816635870203,19.6128907167385,0 -99.20792755457592,19.61317707560372,0 -99.207009612703,19.61288100882008,0 -99.20670128269234,19.61272150658718,0 -99.20621925585854,19.61256201921124,0 -99.20624529412207,19.61239430611995,0 -99.20631910710964,19.61230839904776,0 -99.20632778756355,19.61226340270956,0 -99.20648408782613,19.61198932485596,0 -99.20649275636866,19.61182570349086,0 -99.20641456258632,19.61152301143867,0 -99.20622159566869,19.61145531480446,0 -99.20621257744946,19.61129419349723,0 -99.20613154584819,19.61118395882061,0 -99.20615114994914,19.61106617077667,0 -99.2058180363628,19.61077787574059,0 -99.20580001962364,19.61065067598435,0 -99.205872026656,19.61053194870526,0 -99.20582701037216,19.61048107200998,0 -99.20597102336257,19.61023513714767,0 -99.20586296829711,19.60993834315232,0 -99.20548482931135,19.60944652921789,0 -99.2054127779097,19.60907340952982,0 -99.20466594401086,19.60862276718316,0 -99.20485838226168,19.60853210930744,0 -99.20493292024274,19.60836368374546,0 -99.20471401146737,19.60810912225335,0 -99.20470134691547,19.60777900546349,0 -99.20538212268822,19.60706275819742,0 -99.20583595568017,19.60643204586244,0 -99.20579048897891,19.60568379074534,0 -99.20514359566759,19.60465766552255,0 -99.20394405434497,19.60333741008392,0 -99.20293407432791,19.60224716288086,0 -99.20210568623827,19.60138138474026,0 -99.20145030885027,19.6002665190325,0 -99.20177106603491,19.5970869374298,0 -99.20188434922531,19.59484843069211,0 -99.20174311596921,19.59498151602577,0 -99.20068331491591,19.59637880113186,0 -99.20029250027795,19.59668098589955,0 -99.19968749650852,19.59698504022863,0 -99.19897426695783,19.5972567817868,0 -99.19801253804617,19.5973941641966,0 -99.1970282210396,19.59755556392301,0 -99.19556516272803,19.59776364386717,0 -99.19421242515882,19.59796393436566,0 -99.19264071939941,19.5981312589427,0 -99.19171362232649,19.59817159394378,0 -99.1908571091606,19.59853750127147,0 -99.1903236072735,19.59873876253371,0 -99.18975627534124,19.59920902353259,0 -99.18900154783961,19.59997712702504,0 -99.18881848274749,19.60098285896711,0 -99.18882023743579,19.60199011935989,0 -99.18874531033738,19.60299766865748,0 -99.18797453463176,19.60370831298058,0 -99.18699612831982,19.60431832530881,0 -99.18626018805227,19.60474269250908,0 -99.18217369917075,19.60649300372602,0 -99.18103846141449,19.61314472056282,0 -99.17840738117637,19.61284765322465,0 -99.17478205397475,19.6113625713297,0 -99.16746857820318,19.6105303205306,0 -99.16617543109231,19.61628369041338,0 -99.16563328893992,19.6162603826311,0 -99.16496169816739,19.61817482141498,0 -99.16463446852934,19.61816137071279,0 -99.16457114886722,19.61932567887853,0 -99.16366799625615,19.61928683050595,0 -99.16372295396651,19.62237323949779,0 -99.16410014364126,19.62440103565913,0 -99.16451369073161,19.62716723549212,0 -99.16519757558699,19.63042097437298,0 -99.16607792410414,19.63039480995518,0 
							</coordinates>
						</LinearRing>
					</outerBoundaryIs>
				</Polygon>
			</Placemark>
			<Placemark>
				<name>CD NVA SE LGUADALUPE</name>
				<styleUrl>#atizapan</styleUrl>
				<Polygon>
					<tessellate>1</tessellate>
					<outerBoundaryIs>
						<LinearRing>
							<coordinates>
								-99.22439393062884,19.58023966127289,0 -99.22298160421086,19.57965683218841,0 -99.2207175581631,19.57962897176416,0 -99.21749126818932,19.57984976965146,0 -99.20829068445637,19.57779562045753,0 -99.20733641435218,19.57734888785612,0 -99.20645866737871,19.5788187796909,0 -99.20576981374734,19.58017739749143,0 -99.20515581981121,19.58109284343106,0 -99.20465093943292,19.58234757365592,0 -99.20436334456676,19.58495304297907,0 -99.20356276067238,19.58631545444805,0 -99.20188682446869,19.58825080383805,0 -99.20156366655985,19.59013961584358,0 -99.20187233040629,19.5935521431101,0 -99.20182830234701,19.59705666160071,0 -99.20147504528475,19.6002595706312,0 -99.20212404339115,19.60133910567957,0 -99.20521537131077,19.60465039873322,0 -99.20583271159914,19.60567280229511,0 -99.20587245714934,19.60645593245733,0 -99.20469509367273,19.60779186047972,0 -99.20474542503257,19.60813571200514,0 -99.20492683634485,19.60837378283679,0 -99.20488608771262,19.60856474409387,0 -99.20467312280496,19.60863139758225,0 -99.20541273528187,19.60907137300142,0 -99.20548330667746,19.60945343375082,0 -99.20588831103301,19.60995039862151,0 -99.20599953332417,19.61023699748475,0 -99.20581411254103,19.61047669766534,0 -99.20587232123432,19.61053163657369,0 -99.20580810019537,19.61065781451607,0 -99.20583709750271,19.61078956611577,0 -99.2061514358054,19.61107525689577,0 -99.2061396532935,19.61120148230734,0 -99.20621530777365,19.6112893676467,0 -99.20620932360261,19.61144304086142,0 -99.20640151973218,19.61152005509166,0 -99.20648861380592,19.61181651451325,0 -99.20648260171117,19.61199763042596,0 -99.2063191321584,19.61231581682372,0 -99.20625494993782,19.61240357515107,0 -99.20623146897421,19.61257369887808,0 -99.20668063515681,19.61272416463637,0 -99.20697182532383,19.61286164192569,0 -99.20793870888733,19.61318633816148,0 -99.20815459850967,19.6128846631932,0 -99.20844583233358,19.61297823008063,0 -99.20847474313959,19.61319779741925,0 -99.2086204077102,19.61319792829537,0 -99.20888865758545,19.61297313910684,0 -99.20912178734523,19.61290748564722,0 -99.20932591134928,19.61271556963429,0 -99.20923873346624,19.61249595035452,0 -99.20866781336322,19.61241311122975,0 -99.20836502184025,19.61222622961165,0 -99.20808558734075,19.61198997166175,0 -99.20809384438165,19.61172174432979,0 -99.20824927419947,19.61151410507667,0 -99.20869863145401,19.61147603102986,0 -99.20913960261191,19.61165342315871,0 -99.20992384966304,19.61167720997162,0 -99.21034845028146,19.61189306364076,0 -99.21042972437363,19.61231639273339,0 -99.21063349182931,19.61279370207957,0 -99.21060873144155,19.61304763594101,0 -99.20981517519445,19.61413955422368,0 -99.20998630454638,19.61457065724407,0 -99.20987991361373,19.61475525577203,0 -99.21181447467958,19.61544186992556,0 -99.21191782044909,19.61558738127831,0 -99.21209847475747,19.61590619380312,0 -99.21302743755055,19.61598571098924,0 -99.21363374452602,19.61555869206557,0 -99.21467847520067,19.61566688312687,0 -99.21519131828958,19.61878289707321,0 -99.2161405117858,19.61886354759443,0 -99.21629540818682,19.61949583931754,0 -99.21748375103545,19.61954571199673,0 -99.21963335749261,19.61931742872095,0 -99.21977887092392,19.62042001019868,0 -99.22061855844736,19.62095744182233,0 -99.22237770901357,19.62195433406084,0 -99.22234874868535,19.6221784607371,0 -99.22247238341565,19.62393394528702,0 -99.22334267054241,19.62430190265626,0 -99.22401126544355,19.62457177632287,0 -99.22414523916649,19.6246154128101,0 -99.22441374290781,19.62468667088721,0 -99.22453578370488,19.62471506778667,0 -99.22464449919053,19.62473076262027,0 -99.22527845520452,19.62480830170838,0 -99.22611507720084,19.62492771675558,0 -99.22656019573553,19.62507398205861,0 -99.22692605413033,19.6253605337762,0 -99.22722061993946,19.62551230263756,0 -99.2277319630101,19.62567343398422,0 -99.22808839366449,19.62573321494282,0 -99.22869569500178,19.62582001414531,0 -99.22924766755382,19.62592845281189,0 -99.22988208136556,19.6260573698979,0 -99.23053834450353,19.62618027053646,0 -99.23086413592955,19.62629664435061,0 -99.23100832966477,19.62668878702909,0 -99.2316769090471,19.6264506586638,0 -99.23204608985588,19.62649737857035,0 -99.23191051528634,19.62728319843878,0 -99.23189213923636,19.62843127533672,0 -99.23347222881412,19.62797223259614,0 -99.23512595027292,19.62842814207746,0 -99.23673803912629,19.62861442850971,0 -99.23945851280293,19.62906879809872,0 -99.23976288717687,19.62910412201238,0 -99.24120075401589,19.62925726066046,0 -99.24217195481812,19.63068506516246,0 -99.24263021849383,19.63164111555054,0 -99.24285913487029,19.63596790225711,0 -99.24434845656003,19.64028405084638,0 -99.24450114247712,19.63987233440365,0 -99.24591376743436,19.63914976964774,0 -99.24704967808459,19.63913763299675,0 -99.24764055922869,19.63941469279229,0 -99.24773081467011,19.63943794469831,0 -99.24783521110163,19.63950137816231,0 -99.2480941836627,19.63939480872591,0 -99.24823498896615,19.63911946089835,0 -99.24809904552724,19.63884337931577,0 -99.24849961283255,19.63840894971346,0 -99.24951581954193,19.63825846849801,0 -99.25037011805996,19.63907252601592,0 -99.25056802995974,19.63937396365467,0 -99.25096269727581,19.63948419275221,0 -99.25141397967244,19.63941659698543,0 -99.25222670649596,19.63816874526633,0 -99.25453222306651,19.63757521781018,0 -99.25849502519208,19.63529885038747,0 -99.26228241914063,19.63531316670933,0 -99.26733687466231,19.63436602295549,0 -99.27138141747842,19.63464151760782,0 -99.27298766691234,19.63470141714341,0 -99.27423767338837,19.63509638244017,0 -99.27634078766441,19.63431817896247,0 -99.27634434356064,19.63283986124443,0 -99.27692743619698,19.63136057860313,0 -99.27768982329373,19.62997580390259,0 -99.27742459435717,19.6282671158197,0 -99.2774239493806,19.62678787397856,0 -99.27811279488539,19.62671327024506,0 -99.27882466480511,19.62608164198521,0 -99.28028192569872,19.62622700144398,0 -99.28075480074148,19.62681982452374,0 -99.28187208700159,19.62640625884704,0 -99.28268603516082,19.62650341098227,0 -99.28320572257496,19.62698991300634,0 -99.28372681567402,19.62695052898205,0 -99.28328246869022,19.62612758896329,0 -99.28356775603058,19.62563796116024,0 -99.28401488177282,19.62558224959276,0 -99.28426654785392,19.6253103562347,0 -99.28465519384045,19.62518210915273,0 -99.28506662071668,19.62544903544675,0 -99.28545465612339,19.62541047280251,0 -99.28578382846597,19.62549805745953,0 -99.28609096761443,19.62540697476815,0 -99.28649271630344,19.6253518794211,0 -99.28681072574071,19.62495870398324,0 -99.28709670070224,19.62490447494301,0 -99.28742054957405,19.62492233129951,0 -99.28761121601988,19.62504830047524,0 -99.28801439178297,19.6260379304018,0 -99.28830156237669,19.62647121149893,0 -99.28887619496125,19.6266888341829,0 -99.28935632175646,19.62680629968641,0 -99.28927840861661,19.62628802248283,0 -99.28918177454067,19.62591061321697,0 -99.28929534495292,19.62542395633061,0 -99.28957923500313,19.62521240104114,0 -99.28972711468623,19.62486272593472,0 -99.28970604882895,19.62430199108525,0 -99.29006174481169,19.62381837941526,0 -99.2901021226367,19.62312974012277,0 -99.2894144472195,19.62270692709152,0 -99.28856828860766,19.62302011505431,0 -99.28787826174651,19.62336601030255,0 -99.28646240582246,19.62330306125543,0 -99.28549228425544,19.62287144738766,0 -99.28376826499535,19.62322394893839,0 -99.28298173509562,19.62314333742373,0 -99.28255007880186,19.62275546864382,0 -99.28255272780348,19.6220714121114,0 -99.28378442909835,19.6205770804919,0 -99.28463499536416,19.62005819722298,0 -99.28526227227815,19.61929717860829,0 -99.28587857636298,19.61738834288057,0 -99.28606940426096,19.61625637518912,0 -99.2857067383069,19.61538678383094,0 -99.28574719011846,19.61437339739126,0 -99.28539555531547,19.61325308233142,0 -99.28273792310564,19.6103171982015,0 -99.28116956791723,19.60982661309974,0 -99.28019007741297,19.60932997910966,0 -99.27971455412377,19.60902747237352,0 -99.2792034116648,19.60870459936792,0 -99.27889052750366,19.6080415234572,0 -99.27761889465241,19.60884610336555,0 -99.27641424318243,19.60971614063032,0 -99.27475966974853,19.61093650234201,0 -99.27420799268226,19.61142661388568,0 -99.27275201769253,19.61038651342565,0 -99.27016842665364,19.60833703589818,0 -99.26950275347311,19.6079185608438,0 -99.27000359913323,19.60709488239597,0 -99.26921194773006,19.606084732334,0 -99.26831951372317,19.60535219871471,0 -99.26736897130387,19.60504526432808,0 -99.26899997348275,19.59998881014655,0 -99.2691544142163,19.59936206310325,0 -99.26630784159217,19.5982740212774,0 -99.26272734841173,19.59725450653485,0 -99.25861027846122,19.59288088813909,0 -99.2520893099384,19.59299623686826,0 -99.24980247218365,19.59392690112259,0 -99.24802610720573,19.59440376035866,0 -99.2466815168371,19.59424749304365,0 -99.24581948154044,19.59278782525053,0 -99.24632746376005,19.59252724295444,0 -99.24623537434238,19.59222275531529,0 -99.24648939008244,19.59205984715837,0 -99.24618950636922,19.59184219486772,0 -99.24505958067273,19.59052587599128,0 -99.24499171613851,19.58876926985039,0 -99.24528065136758,19.58821498837921,0 -99.24503964741808,19.58650788683152,0 -99.24448650095052,19.58552899875257,0 -99.24348331095716,19.58453890734421,0 -99.2428359330241,19.58598447226571,0 -99.24199241995446,19.58735377365274,0 -99.24162307422156,19.58742961561033,0 -99.23964814441187,19.58569565029195,0 -99.23789494582537,19.58461801823419,0 -99.23729437811113,19.58519380750391,0 -99.23586071464402,19.58583686751425,0 -99.23591804876251,19.58627179754167,0 -99.23527557495065,19.58639233489697,0 -99.23484482533296,19.58663538998248,0 -99.23424341523159,19.58654198333871,0 -99.23322604922762,19.58655022810601,0 -99.23259859469354,19.58684890700722,0 -99.23112576079586,19.5861747301657,0 -99.23153189884277,19.58550337060048,0 -99.23088555488104,19.58428275900562,0 -99.23022924154732,19.58272571420925,0 -99.2288047582453,19.58201286206364,0 -99.22796337202305,19.58272438249931,0 -99.22801514836229,19.5824290770287,0 -99.2279071783658,19.58272434729406,0 -99.22768206410716,19.58218506817971,0 -99.22666031372127,19.58158081136758,0 -99.22548488932749,19.58094414989674,0 -99.22439393062884,19.58023966127289,0 
							</coordinates>
						</LinearRing>
					</outerBoundaryIs>
				</Polygon>
			</Placemark>
			<Placemark>
				<name>CD SE ATIZAPAN SUR</name>
				<styleUrl>#atizapan</styleUrl>
				<Polygon>
					<tessellate>1</tessellate>
					<outerBoundaryIs>
						<LinearRing>
							<coordinates>
								-99.26360514453592,19.54702259751369,800000 -99.26123159249364,19.54705239485137,800000 -99.26003711784676,19.54701477474421,800000 -99.25934766831779,19.54670414064703,800000 -99.25868556368134,19.5465349189177,800000 -99.25866583806112,19.54642389801125,800000 -99.2573519755604,19.54421581324251,800000 -99.25650321955617,19.54191101246225,800000 -99.25638436586959,19.54078226742752,800000 -99.25585754389526,19.53989911969144,800000 -99.25553272436449,19.53907615497449,800000 -99.25496786727706,19.53814003375958,800000 -99.25426334716069,19.536681004268,800000 -99.25352886206187,19.53544609904131,800000 -99.25226894167048,19.53418244844869,800000 -99.25080963567613,19.53296751656184,800000 -99.25107935455416,19.532257159398,800000 -99.249825952113,19.53137052501607,800000 -99.24923620206395,19.53099182248891,800000 -99.24793278272618,19.53016328295887,800000 -99.24708557120432,19.52988035353996,800000 -99.24644372244299,19.52952597209328,800000 -99.24499233350056,19.52856910979915,800000 -99.2418106880362,19.52789981198671,800000 -99.24111567810743,19.52798965028465,800000 -99.24012678239463,19.52786100834349,800000 -99.23910496983254,19.52783405425551,800000 -99.23862794177391,19.52744676999724,800000 -99.23788031737564,19.52680301919321,800000 -99.23714626753468,19.52640381295086,800000 -99.23655236080221,19.52608419470501,800000 -99.23630021999374,19.52664684005469,800000 -99.23618968431879,19.5268887611853,800000 -99.2360268467458,19.52720996133111,800000 -99.23580189784342,19.52767922164896,800000 -99.23285083856392,19.53226636575153,800000 -99.22995843067363,19.53701407869312,800000 -99.22863597463412,19.53896475776546,800000 -99.22855385606148,19.53926870377154,800000 -99.22860781681632,19.53955415774016,800000 -99.22844725003077,19.5396085243834,800000 -99.22736019436515,19.53913344817536,800000 -99.22562895731598,19.53882408858776,800000 -99.22448970815721,19.53880180243516,800000 -99.22333627680909,19.53899773415876,800000 -99.22254332458859,19.53913867474,800000 -99.22112906571773,19.53939109733838,800000 -99.21970822676822,19.5397680580409,800000 -99.21848346128687,19.54024088101841,800000 -99.21766157235493,19.54056330968188,800000 -99.21711348301005,19.54036963909993,800000 -99.21606723596736,19.53981360455242,800000 -99.21489693708727,19.5392905346218,800000 -99.21391555927262,19.54049863708226,800000 -99.21249065113582,19.54267176220843,800000 -99.21215013559157,19.54316242726765,800000 -99.20792762247814,19.55002693627575,800000 -99.20714492049694,19.55140055345109,800000 -99.20637269715415,19.55376713799981,800000 -99.20638252105209,19.5594961100137,800000 -99.20664344258033,19.56391840155061,800000 -99.20722506199002,19.56522594620201,800000 -99.20782883494834,19.5658434797715,800000 -99.20885959153816,19.56754014640848,800000 -99.20894849794442,19.5685213964191,800000 -99.20799676578407,19.57163877694166,800000 -99.20814947984694,19.57430748972925,800000 -99.20806096966881,19.57579277829724,800000 -99.20739416740277,19.57730579780953,800000 -99.20810893108609,19.57769912403823,800000 -99.21752017827339,19.57984662923279,800000 -99.22061927416182,19.57962765161482,800000 -99.22292354932925,19.57968029189193,800000 -99.22410352714937,19.58002803250493,800000 -99.22765825076046,19.58214691647989,800000 -99.22787713947451,19.58274671022651,800000 -99.22804066084676,19.58267358608139,800000 -99.22881849435939,19.58199521697311,800000 -99.22927951353854,19.58223464485821,800000 -99.2301502806729,19.58276944662342,800000 -99.23066450803222,19.58365604995757,800000 -99.23089457964259,19.58429245039225,800000 -99.23153038855195,19.58549362764556,800000 -99.23114486263593,19.5861554363134,800000 -99.23262397155619,19.58685983439456,800000 -99.23322847354292,19.58653448877491,800000 -99.23423943670252,19.58651238462672,800000 -99.23481822519248,19.58661563924942,800000 -99.23528727127182,19.58639939443581,800000 -99.23591017318657,19.58628683503379,800000 -99.23586933256333,19.58584935051238,800000 -99.23729862940696,19.58519555672034,800000 -99.2378895374051,19.58458872071669,800000 -99.23965351323322,19.58561135981076,800000 -99.24000323157662,19.58541273908454,800000 -99.24028762927588,19.58530514124674,800000 -99.23938973882173,19.5837721340801,800000 -99.23735185152836,19.57932690318826,800000 -99.23564029641531,19.57215976229812,800000 -99.24331185798322,19.5645341528841,800000 -99.24382897013044,19.56604705052565,800000 -99.2488465654526,19.5674798787183,800000 -99.24939657382272,19.56581816150101,800000 -99.25166804560071,19.56673200597722,800000 -99.2524347914364,19.56572509858661,800000 -99.25358269554344,19.56586332757995,800000 -99.25450977831925,19.56513533911294,800000 -99.25503358236601,19.56156659091105,800000 -99.2574693046048,19.56131531123961,800000 -99.26035476336517,19.56049238543531,800000 -99.26397324893026,19.56134150206564,800000 -99.26595094154328,19.56207791176879,800000 -99.26882223440792,19.56287312368812,800000 -99.2729100740447,19.56377752197228,800000 -99.27655319945887,19.55924809540832,800000 -99.27688549410476,19.5562079141967,800000 -99.27684279128384,19.55456228404105,800000 -99.2735372122803,19.55360160973076,800000 -99.27102042463085,19.55332863477293,800000 -99.26986424980898,19.55056460314033,800000 -99.26963293581865,19.54999114082767,800000 -99.2702009200202,19.54813332133823,800000 -99.27100984053817,19.54691089734606,800000 -99.26993817284958,19.54677197995353,800000 -99.26764452209943,19.54603531240982,800000 -99.26360514453592,19.54702259751369,800000 
							</coordinates>
						</LinearRing>
					</outerBoundaryIs>
				</Polygon>
			</Placemark>
		</Folder>
	</Folder>
</Document>
</kml>
